Class,Data
book,"-469.81573,98.08185,1.0264304,25.149126,-13.044145,0.1806454,-12.9159,-0.48114708,-8.508921,-7.5795345,1.8225502,-10.691948,0.24948968,-6.6825476,-8.094745,0.83030784,-4.044256,-8.206593,-3.9175615,-9.07444"
book,"-452.11484,100.21431,-4.5809345,33.763676,-9.664471,2.5119863,-24.194384,0.5200147,-2.6063306,-12.865047,2.1464713,-10.493342,0.1892104,-3.3882573,-14.53867,-2.7748473,1.5734639,-12.872198,-6.9399576,-6.879874"
book,"-511.36526,84.83457,-2.9542227,18.577793,-14.977829,1.3486841,-14.5481205,-3.6288593,-7.3862085,-5.8319416,0.55322504,-11.1164055,-0.21310538,-4.4409614,-5.7950954,-1.9544306,-3.1284616,-9.749587,-8.635664,-5.7500415"
book,"-476.4748,102.905396,-0.8003783,10.324616,-18.51879,0.11396272,-5.630855,-4.4892197,-9.248402,-1.981471,-0.2066919,-11.68279,-2.1947618,-3.87983,-7.492473,-6.181001,-2.3643043,-7.291369,-9.088597,-9.275703"
book,"-494.52097,99.46926,6.8097105,13.816305,-23.18735,0.053258494,-12.739609,-5.1423597,-7.591562,-5.3417983,2.0567772,-11.316292,-3.7422593,0.38470125,-4.4305983,-6.7967677,-1.7704531,-9.488123,-9.859116,-10.2034025"
book,"-469.81573,98.08185,1.0264304,25.149126,-13.044145,0.1806454,-12.9159,-0.48114708,-8.508921,-7.5795345,1.8225502,-10.691948,0.24948968,-6.6825476,-8.094745,0.83030784,-4.044256,-8.206593,-3.9175615,-9.07444"
book,"-452.11484,100.21431,-4.5809345,33.763676,-9.664471,2.5119863,-24.194384,0.5200147,-2.6063306,-12.865047,2.1464713,-10.493342,0.1892104,-3.3882573,-14.53867,-2.7748473,1.5734639,-12.872198,-6.9399576,-6.879874"
book,"-511.36526,84.83457,-2.9542227,18.577793,-14.977829,1.3486841,-14.5481205,-3.6288593,-7.3862085,-5.8319416,0.55322504,-11.1164055,-0.21310538,-4.4409614,-5.7950954,-1.9544306,-3.1284616,-9.749587,-8.635664,-5.7500415"
book,"-476.4748,102.905396,-0.8003783,10.324616,-18.51879,0.11396272,-5.630855,-4.4892197,-9.248402,-1.981471,-0.2066919,-11.68279,-2.1947618,-3.87983,-7.492473,-6.181001,-2.3643043,-7.291369,-9.088597,-9.275703"
book,"-494.52097,99.46926,6.8097105,13.816305,-23.18735,0.053258494,-12.739609,-5.1423597,-7.591562,-5.3417983,2.0567772,-11.316292,-3.7422593,0.38470125,-4.4305983,-6.7967677,-1.7704531,-9.488123,-9.859116,-10.2034025"
book,"-539.19525,106.80425,9.338503,22.109844,-3.0648394,-6.060409,-16.708141,-4.7243104,-12.937258,-5.7869415,-0.07477777,-5.54911,2.5440822,-4.7388396,-7.6104155,-6.6019673,-4.942248,-8.790715,-1.9108895,-2.0085397"
book,"-499.86868,101.97048,4.6036005,23.820854,-3.7416618,-4.40961,-19.232445,-3.2704568,-13.803972,-12.3867655,-1.7497659,-9.120453,-2.2735155,-3.0786119,-8.796926,-7.844636,-2.8850665,-10.183158,-1.6853031,0.3008079"
book,"-506.62732,99.50062,4.738683,25.442938,1.9865304,1.2168483,-13.896286,2.4366667,-4.43616,-6.512996,1.3596163,-7.4416914,-1.5961231,-4.0271244,-5.407344,-4.319765,-2.8121176,-5.3638744,-1.3354255,-0.33267975"
book,"-522.2783,105.4314,4.3959775,18.844622,-1.0175729,-1.2978467,-15.601612,-7.2758694,-9.48301,-7.873993,-1.1013892,-5.039826,0.52080745,-2.4374833,-8.4903345,-6.475149,-2.021501,-9.157044,-5.292705,-2.2563174"
book,"-451.00284,108.264084,6.218097,16.141226,-7.032914,-3.8521206,-12.562844,-2.4964917,-8.313637,-5.373005,-4.1537724,-4.5402665,4.414286,-2.619373,-5.384502,-7.389227,-2.7825603,-7.2346826,-4.0888143,-4.1459565"
book,"-539.19525,106.80425,9.338503,22.109844,-3.0648394,-6.060409,-16.708141,-4.7243104,-12.937258,-5.7869415,-0.07477777,-5.54911,2.5440822,-4.7388396,-7.6104155,-6.6019673,-4.942248,-8.790715,-1.9108895,-2.0085397"
book,"-499.86868,101.97048,4.6036005,23.820854,-3.7416618,-4.40961,-19.232445,-3.2704568,-13.803972,-12.3867655,-1.7497659,-9.120453,-2.2735155,-3.0786119,-8.796926,-7.844636,-2.8850665,-10.183158,-1.6853031,0.3008079"
book,"-506.62732,99.50062,4.738683,25.442938,1.9865304,1.2168483,-13.896286,2.4366667,-4.43616,-6.512996,1.3596163,-7.4416914,-1.5961231,-4.0271244,-5.407344,-4.319765,-2.8121176,-5.3638744,-1.3354255,-0.33267975"
book,"-522.2783,105.4314,4.3959775,18.844622,-1.0175729,-1.2978467,-15.601612,-7.2758694,-9.48301,-7.873993,-1.1013892,-5.039826,0.52080745,-2.4374833,-8.4903345,-6.475149,-2.021501,-9.157044,-5.292705,-2.2563174"
book,"-451.00284,108.264084,6.218097,16.141226,-7.032914,-3.8521206,-12.562844,-2.4964917,-8.313637,-5.373005,-4.1537724,-4.5402665,4.414286,-2.619373,-5.384502,-7.389227,-2.7825603,-7.2346826,-4.0888143,-4.1459565"
book,"-447.68878,91.66495,0.9303194,17.787384,-18.830103,3.8385773,-4.033567,-5.5031023,-0.27779517,-2.1368098,-2.887796,-3.698959,-4.472593,-8.679004,-2.262125,-2.7311363,-0.9795427,-6.8734603,-3.5677557,-0.75804275"
book,"-465.70068,103.06594,-7.5464196,3.3393385,-27.443783,5.7368965,-5.575958,-9.727541,4.6573224,-4.45905,-1.578025,-3.1545076,-9.666357,-13.980185,-9.0267105,-3.0926328,-2.2833037,-9.272334,-6.6242824,-2.1413248"
book,"-481.3427,98.47317,-7.5081096,12.386891,-22.254654,3.573145,-15.574957,-9.167659,-4.4967933,-9.221743,-2.6450586,-4.708739,-6.9877048,-11.005409,-4.535414,-8.786478,-5.568282,-5.521057,-2.4487894,-5.164612"
book,"-455.5891,97.24226,-10.509345,9.549395,-25.153671,10.206073,-9.624143,-6.2846746,-1.6598428,-3.257324,-3.807148,-3.437343,-1.4974,-12.171239,-4.9342456,-6.4778056,-4.5884924,-9.285804,-2.4037712,-0.29498404"
book,"-434.91895,79.83494,-5.1972528,2.8274722,-29.773043,-0.50401896,-6.8324413,-5.9731197,-2.2319825,-4.950078,-2.8184557,-8.5751295,-5.9612627,-9.416858,-8.180642,-6.258119,-3.6020575,-7.5090694,-5.264157,-1.055456"
book,"-512.9654,105.468895,-4.858043,7.014499,-20.099945,4.3124185,-5.110979,-7.043434,-4.408745,-8.107581,-2.7339277,-0.23561522,-6.552232,-10.555852,-5.179255,-5.181929,-1.0063899,-10.413984,-5.9872236,-2.750695"
book,"-486.55243,95.18708,0.4415492,16.140083,-10.449203,3.9410303,-18.984123,-6.4303436,-3.9898446,-1.664179,-0.5089955,-6.083588,-0.5866678,-7.2484803,-5.992461,-8.87639,-2.8320389,-4.5133696,-0.37300128,-1.100667"
book,"-474.95663,104.38732,-3.8752885,8.513251,-16.33609,6.4771285,-10.132352,-5.234179,-4.0331945,-2.8162572,0.36334866,-5.4329095,-2.6148124,-10.458545,-6.196902,-6.787581,-4.7851014,-5.76532,-5.1851892,-0.9581883"
book,"-505.9855,94.20822,-1.0930912,12.2935,-20.699728,7.515915,-5.0884457,-9.369501,-4.68552,-8.092846,-2.2021835,-5.624303,-6.4761477,-7.819943,-4.2881737,-4.9807677,-4.636601,-4.166799,-2.488609,-2.9228837"
book,"-504.9778,85.813934,4.788447,7.648971,-11.103488,1.627614,-4.528127,-4.713755,-5.1945486,-2.5637107,-4.6033707,-2.19717,-1.4208893,-12.369971,-7.0411024,-8.860743,-3.938805,-4.354025,-3.051054,-0.6216905"
book,"-519.7541,118.818634,2.6170359,1.964883,-1.8948236,12.962952,-11.389455,-1.9637169,-7.784107,-14.840495,-6.796884,-10.524892,-4.1029997,-6.1736794,-3.7218997,-4.3240237,-1.572944,-4.6573915,-7.9044566,-3.456309"
book,"-558.8944,123.00888,-7.62958,10.717418,-2.0789301,10.307219,-4.446992,6.5600343,-10.703342,-13.578941,-4.633236,-11.822867,-5.391132,-7.8808537,0.059147295,-6.234509,-3.701387,-3.4260018,-5.017415,-3.494966"
book,"-558.3234,125.74339,-5.9573674,9.205477,2.4774082,7.182547,-6.9705667,2.5459876,-10.665175,-12.74022,-8.84558,-11.448957,-3.8965049,-8.084044,-3.012843,-5.0930414,-1.6440687,-5.679413,-5.6512837,-1.7103728"
book,"-562.7371,121.33807,3.83809,4.842211,2.0414913,11.572329,-7.444937,3.6630774,-9.600335,-11.919221,-8.683714,-11.167644,-3.0642276,-8.694948,-1.5165455,-5.9046087,-1.1362239,-3.3172886,-7.9885263,-2.1007583"
book,"-549.1979,118.94783,0.3890988,-0.95813066,-1.1753318,16.957537,-7.75101,0.84570116,-4.989088,-5.654746,-6.506428,-12.4302225,-3.974728,-6.8965793,-1.5679986,-6.7933145,-0.8989753,-3.4265618,-5.3597736,-4.164623"
book,"-549.1979,118.94783,0.3890988,-0.95813066,-1.1753318,16.957537,-7.75101,0.84570116,-4.989088,-5.654746,-6.506428,-12.4302225,-3.974728,-6.8965793,-1.5679986,-6.7933145,-0.8989753,-3.4265618,-5.3597736,-4.164623"
book,"-562.7371,121.33807,3.83809,4.842211,2.0414913,11.572329,-7.444937,3.6630774,-9.600335,-11.919221,-8.683714,-11.167644,-3.0642276,-8.694948,-1.5165455,-5.9046087,-1.1362239,-3.3172886,-7.9885263,-2.1007583"
book,"-558.3234,125.74339,-5.9573674,9.205477,2.4774082,7.182547,-6.9705667,2.5459876,-10.665175,-12.74022,-8.84558,-11.448957,-3.8965049,-8.084044,-3.012843,-5.0930414,-1.6440687,-5.679413,-5.6512837,-1.7103728"
book,"-558.8944,123.00888,-7.62958,10.717418,-2.0789301,10.307219,-4.446992,6.5600343,-10.703342,-13.578941,-4.633236,-11.822867,-5.391132,-7.8808537,0.059147295,-6.234509,-3.701387,-3.4260018,-5.017415,-3.494966"
book,"-519.7541,118.818634,2.6170359,1.964883,-1.8948236,12.962952,-11.389455,-1.9637169,-7.784107,-14.840495,-6.796884,-10.524892,-4.1029997,-6.1736794,-3.7218997,-4.3240237,-1.572944,-4.6573915,-7.9044566,-3.456309"
draw,"-424.80444,122.15151,-5.946558,3.3785245,-16.939634,-15.491551,-16.0055,3.0668817,-9.83117,-12.494615,3.8018913,-9.797918,-12.616676,-14.052715,-10.94953,-1.4833069,-6.192216,-14.111188,-3.3274271,-1.8001735"
draw,"-432.83145,141.02913,-16.672855,3.387083,-13.491444,-1.872563,-7.1098986,-8.756457,1.2843983,-5.774808,-0.84725034,-3.9220347,-7.391315,-2.9401116,-6.9332404,-3.3542738,-3.2384272,-10.483752,-0.45861924,-4.716074"
draw,"-403.52924,136.22783,-18.8699,3.5308597,-24.691498,5.4071236,-13.860598,-2.8777618,-3.131687,-5.1644807,1.066338,-6.2729993,-5.3383627,-8.224315,-1.15254,-4.3302245,-2.4348264,-7.9219785,-3.8370476,-8.127057"
draw,"-376.12698,137.57178,-7.289357,11.736701,-30.969702,-15.856744,-6.0330296,-4.4783416,-13.657166,-6.768672,3.1625016,-5.356989,-6.216313,-4.1836925,-5.64055,-6.0073915,-2.0297422,-15.478105,-9.373296,-2.9636369"
draw,"-440.4981,134.92238,-7.562106,30.406286,-12.652079,-6.5203366,-7.281939,-4.430929,-7.678276,-9.747613,7.938288,-13.885753,-5.933056,-10.012185,-20.467058,0.99222463,-10.005352,-13.448672,-4.8331714,-7.68659"
draw,"-424.80444,122.15151,-5.946558,3.3785245,-16.939634,-15.491551,-16.0055,3.0668817,-9.83117,-12.494615,3.8018913,-9.797918,-12.616676,-14.052715,-10.94953,-1.4833069,-6.192216,-14.111188,-3.3274271,-1.8001735"
draw,"-440.4981,134.92238,-7.562106,30.406286,-12.652079,-6.5203366,-7.281939,-4.430929,-7.678276,-9.747613,7.938288,-13.885753,-5.933056,-10.012185,-20.467058,0.99222463,-10.005352,-13.448672,-4.8331714,-7.68659"
draw,"-376.12698,137.57178,-7.289357,11.736701,-30.969702,-15.856744,-6.0330296,-4.4783416,-13.657166,-6.768672,3.1625016,-5.356989,-6.216313,-4.1836925,-5.64055,-6.0073915,-2.0297422,-15.478105,-9.373296,-2.9636369"
draw,"-403.52924,136.22783,-18.8699,3.5308597,-24.691498,5.4071236,-13.860598,-2.8777618,-3.131687,-5.1644807,1.066338,-6.2729993,-5.3383627,-8.224315,-1.15254,-4.3302245,-2.4348264,-7.9219785,-3.8370476,-8.127057"
draw,"-432.83145,141.02913,-16.672855,3.387083,-13.491444,-1.872563,-7.1098986,-8.756457,1.2843983,-5.774808,-0.84725034,-3.9220347,-7.391315,-2.9401116,-6.9332404,-3.3542738,-3.2384272,-10.483752,-0.45861924,-4.716074"
draw,"-476.29776,131.63986,-17.07618,24.771782,-13.558804,-11.967249,-1.1040701,-5.6925225,-9.098811,-3.4355903,-1.7161471,-4.5346437,-0.5346662,-7.47182,-8.49176,-5.9238524,-6.4058924,-8.486179,-4.3011255,-6.153807"
draw,"-503.11267,107.848724,-5.8494544,39.1227,-8.925799,-14.975242,-3.5273712,-10.411211,-5.5348363,-2.2485108,-3.2085557,1.0303481,-0.5060933,-9.91796,-7.507049,-5.973492,-6.3642745,-6.9946384,-0.6296459,-1.3324692"
draw,"-497.15244,118.5975,-4.901191,36.090694,-7.0239806,-17.83921,2.6818259,-3.7570133,-8.782031,-1.8747097,-1.9965883,-0.5190885,6.5628257,-3.3304248,-7.535539,-2.084274,-7.151958,-8.8049965,-3.1254778,-6.380193"
draw,"-495.8012,114.15037,2.3883333,28.499166,-18.052073,-16.988272,0.00089012703,-5.595587,-17.009811,-5.5075216,7.214025,-4.9225354,-0.87953055,-7.092581,-11.8419,-1.8020382,-10.014332,-10.446745,-1.1252475,-6.8766413"
draw,"-493.25,116.45358,2.4376514,25.65067,-18.611448,-11.998939,-2.940963,-3.3871684,-14.18259,-6.569409,5.32786,-6.1155467,-1.379725,-10.761232,-9.650616,-1.5559462,-10.214372,-9.974777,-4.8346834,-3.9105198"
draw,"-476.29776,131.63986,-17.07618,24.771782,-13.558804,-11.967249,-1.1040701,-5.6925225,-9.098811,-3.4355903,-1.7161471,-4.5346437,-0.5346662,-7.47182,-8.49176,-5.9238524,-6.4058924,-8.486179,-4.3011255,-6.153807"
draw,"-503.11267,107.848724,-5.8494544,39.1227,-8.925799,-14.975242,-3.5273712,-10.411211,-5.5348363,-2.2485108,-3.2085557,1.0303481,-0.5060933,-9.91796,-7.507049,-5.973492,-6.3642745,-6.9946384,-0.6296459,-1.3324692"
draw,"-497.15244,118.5975,-4.901191,36.090694,-7.0239806,-17.83921,2.6818259,-3.7570133,-8.782031,-1.8747097,-1.9965883,-0.5190885,6.5628257,-3.3304248,-7.535539,-2.084274,-7.151958,-8.8049965,-3.1254778,-6.380193"
draw,"-495.8012,114.15037,2.3883333,28.499166,-18.052073,-16.988272,0.00089012703,-5.595587,-17.009811,-5.5075216,7.214025,-4.9225354,-0.87953055,-7.092581,-11.8419,-1.8020382,-10.014332,-10.446745,-1.1252475,-6.8766413"
draw,"-493.25,116.45358,2.4376514,25.65067,-18.611448,-11.998939,-2.940963,-3.3871684,-14.18259,-6.569409,5.32786,-6.1155467,-1.379725,-10.761232,-9.650616,-1.5559462,-10.214372,-9.974777,-4.8346834,-3.9105198"
draw,"-376.43735,112.872894,-42.222908,11.140838,-47.321922,8.9730625,-10.842718,-1.8108633,1.4469885,-12.733453,-0.927208,-13.927111,0.9987921,-1.515104,0.97250265,3.6977496,-5.0961456,-14.260872,-10.829116,-5.2502947"
draw,"-442.09467,109.38414,-32.818687,27.96744,-31.492468,9.544199,-23.703987,3.4894822,-3.1174881,-11.192532,5.3579016,-8.946261,4.866372,-4.2678084,-0.31435972,-2.5979657,-2.9464366,-11.044453,-6.849427,-5.182235"
draw,"-358.43643,85.5357,-51.761677,17.762552,-39.729614,3.5056195,-2.2724063,-3.4627426,-5.4692535,-9.971507,-2.2935169,-12.441629,2.055602,-4.123498,2.1756973,1.1262467,-4.4423895,-12.003824,-13.479977,-2.7792826"
draw,"-330.40445,82.502144,-65.97823,-14.225485,-54.742126,1.2154411,-15.118682,-7.6670265,3.2117443,-16.162601,-2.3399227,-20.291334,-14.901676,-6.067615,-7.6065416,-9.332474,-12.553659,-14.648583,0.15209411,20.036482"
draw,"-372.30487,69.279724,-32.62151,-3.8014212,-46.272614,8.176043,-13.232882,-3.1335592,1.2679317,-18.962208,8.266366,-8.278543,-6.391162,-3.2460794,-5.211467,-1.3570528,-0.9638267,-7.6388097,-16.854036,-3.9348872"
draw,"-376.51538,91.36529,-30.808884,4.0794187,-54.758614,8.804598,-17.09312,1.3432177,-5.868949,-18.33487,2.0748496,-14.06074,-5.3624463,-7.1309543,-3.8975255,-8.510823,-0.017564127,-8.729689,-12.930178,-1.056754"
draw,"-384.81192,79.21902,-30.030909,2.7759786,-34.449608,-3.1155286,-20.654522,0.57911474,-9.934899,-11.944078,5.578733,-11.913328,-5.100696,-7.309766,-3.8457396,-6.7173395,0.24481723,-10.38389,-6.537604,1.9532522"
draw,"-466.75024,117.357185,-14.290723,-3.9945354,-24.900028,-1.8940893,-6.629617,2.673938,-2.2385583,-7.8452544,4.999556,-8.185807,-6.4428926,-5.381141,-5.7503347,0.1399853,0.64939845,-8.826837,-5.231933,-1.1171423"
draw,"-470.10165,113.59468,-19.492176,-0.2540752,-24.36135,-4.2884836,-8.754712,2.4506936,1.2988024,-8.379997,0.81086504,-8.320772,-0.9972213,-2.3463807,-9.016414,-2.9767222,-0.72413373,-11.272215,-4.422807,0.8569255"
draw,"-471.48456,129.66026,-27.53831,4.4555864,-28.16207,11.127989,-3.7248683,1.9385865,6.5056367,-5.9364967,1.0350052,-6.623615,-4.9241595,-8.754852,-5.9127154,-6.090437,-4.665669,-11.280478,-6.722204,-1.215038"
draw,"-504.4054,128.1109,8.335776,9.308489,-7.211129,-6.9615626,-14.335315,4.2864666,-8.364185,-3.9826796,-7.9965496,-5.7887635,1.8310666,-17.419456,-6.2819567,-7.8691206,-7.032017,-7.2554393,-5.1715236,-4.403135"
draw,"-490.59302,149.82458,8.774464,-8.411147,-13.232629,-3.7918997,-13.945785,1.4543973,-8.330262,-10.1630535,-5.331784,-6.430567,-5.7818327,-16.61425,-8.416686,-5.2291665,-6.5060086,-12.524191,-5.824759,-4.783715"
draw,"-430.94324,101.84419,6.404082,-5.185675,-16.102152,-0.40936968,-14.720935,4.3546667,-12.885901,-5.5900354,-0.5847254,-6.150276,-1.7017232,-16.59358,-4.127127,-6.570641,-5.345597,-7.799513,-6.0033894,-1.9422538"
draw,"-514.80023,129.96242,11.364414,-1.4601088,-4.221917,0.6847615,-5.3926444,5.088132,-3.452362,-3.1316152,-4.568009,-7.171806,-3.3719728,-11.996776,-4.4206557,-4.304174,-6.777114,-7.896204,-4.5584807,-5.391509"
draw,"-518.1397,138.5617,11.972548,10.793153,-13.948892,-0.36499414,-10.387522,4.684712,-6.9380136,-6.0033193,-11.724934,-10.941594,0.6284272,-17.123014,-2.0490139,-5.2037854,-3.2303367,-7.600052,-8.165462,-0.13550732"
draw,"-518.1397,138.5617,11.972548,10.793153,-13.948892,-0.36499414,-10.387522,4.684712,-6.9380136,-6.0033193,-11.724934,-10.941594,0.6284272,-17.123014,-2.0490139,-5.2037854,-3.2303367,-7.600052,-8.165462,-0.13550732"
draw,"-514.80023,129.96242,11.364414,-1.4601088,-4.221917,0.6847615,-5.3926444,5.088132,-3.452362,-3.1316152,-4.568009,-7.171806,-3.3719728,-11.996776,-4.4206557,-4.304174,-6.777114,-7.896204,-4.5584807,-5.391509"
draw,"-430.94324,101.84419,6.404082,-5.185675,-16.102152,-0.40936968,-14.720935,4.3546667,-12.885901,-5.5900354,-0.5847254,-6.150276,-1.7017232,-16.59358,-4.127127,-6.570641,-5.345597,-7.799513,-6.0033894,-1.9422538"
draw,"-490.59302,149.82458,8.774464,-8.411147,-13.232629,-3.7918997,-13.945785,1.4543973,-8.330262,-10.1630535,-5.331784,-6.430567,-5.7818327,-16.61425,-8.416686,-5.2291665,-6.5060086,-12.524191,-5.824759,-4.783715"
draw,"-504.4054,128.1109,8.335776,9.308489,-7.211129,-6.9615626,-14.335315,4.2864666,-8.364185,-3.9826796,-7.9965496,-5.7887635,1.8310666,-17.419456,-6.2819567,-7.8691206,-7.032017,-7.2554393,-5.1715236,-4.403135"
knowledge,"-475.36615,103.70662,-30.549938,31.431131,-8.807812,2.0578935,-13.001349,5.9590025,4.6735463,-15.417073,0.3742419,-13.389695,-0.4887959,1.3241007,-10.818008,-6.1922626,-5.7927327,-7.97292,-7.488403,-7.144785"
knowledge,"-488.37473,103.4061,-5.6865783,32.100006,-7.612771,-4.689413,-12.232937,-1.691933,-6.220485,-11.0234995,-0.61046946,-14.498897,0.9452568,-0.5126984,-13.776501,-0.39380687,-5.783454,-11.26313,-4.6195426,-9.567891"
knowledge,"-489.80023,102.69646,-15.937798,28.541157,-7.279095,-2.4280124,-10.678642,3.9352157,-6.0579863,-16.323742,1.4349298,-12.445325,-1.5508857,-2.5653276,-17.910912,-1.6277087,-0.41508,-10.717277,-3.1132975,-5.250184"
knowledge,"-482.3828,99.67529,-5.0611486,20.022774,-0.8543774,6.0027566,-10.806835,1.046948,1.9787737,-8.02652,-0.030383362,-8.148317,0.7780888,-0.6506476,-7.21949,-3.4094474,-5.0723534,-13.779382,-9.079789,-3.1464014"
knowledge,"-497.27728,102.593544,-7.7784142,33.119144,1.0561776,-0.8552834,-9.332444,0.8523919,-5.8406377,-11.529207,-1.0637584,-14.782008,1.9289125,-0.6334286,-12.493047,0.6784904,-3.2404935,-10.3186,-7.8644104,-7.1908975"
knowledge,"-497.27728,102.593544,-7.7784142,33.119144,1.0561776,-0.8552834,-9.332444,0.8523919,-5.8406377,-11.529207,-1.0637584,-14.782008,1.9289125,-0.6334286,-12.493047,0.6784904,-3.2404935,-10.3186,-7.8644104,-7.1908975"
knowledge,"-482.3828,99.67529,-5.0611486,20.022774,-0.8543774,6.0027566,-10.806835,1.046948,1.9787737,-8.02652,-0.030383362,-8.148317,0.7780888,-0.6506476,-7.21949,-3.4094474,-5.0723534,-13.779382,-9.079789,-3.1464014"
knowledge,"-489.80023,102.69646,-15.937798,28.541157,-7.279095,-2.4280124,-10.678642,3.9352157,-6.0579863,-16.323742,1.4349298,-12.445325,-1.5508857,-2.5653276,-17.910912,-1.6277087,-0.41508,-10.717277,-3.1132975,-5.250184"
knowledge,"-488.37473,103.4061,-5.6865783,32.100006,-7.612771,-4.689413,-12.232937,-1.691933,-6.220485,-11.0234995,-0.61046946,-14.498897,0.9452568,-0.5126984,-13.776501,-0.39380687,-5.783454,-11.26313,-4.6195426,-9.567891"
knowledge,"-475.36615,103.70662,-30.549938,31.431131,-8.807812,2.0578935,-13.001349,5.9590025,4.6735463,-15.417073,0.3742419,-13.389695,-0.4887959,1.3241007,-10.818008,-6.1922626,-5.7927327,-7.97292,-7.488403,-7.144785"
knowledge,"-487.2927,130.40817,-7.1681514,19.643597,-3.237271,-8.591584,-3.034629,-2.1393697,-5.25581,-4.3584514,0.8646328,-2.2819736,2.028103,-1.3361598,-7.1011696,-3.429777,-0.4209993,-6.920257,-4.3780513,-2.8869355"
knowledge,"-485.1863,131.10777,-4.92333,18.896984,-4.461309,-21.681606,-11.70086,-7.273559,-8.046909,-5.983023,-1.3078704,-4.453091,-4.058592,-3.9251115,-7.590217,-7.3093266,-4.852798,-9.04168,-7.4124503,-4.6057096"
knowledge,"-528.506,118.208374,-10.199341,36.502304,0.56823707,-8.707047,-8.2543745,-9.553449,-2.74639,0.4499284,-1.301548,-3.2703614,0.6104054,-6.410649,-7.6610084,-8.206397,-6.42053,-6.825273,-6.221424,-2.5819"
knowledge,"-460.07886,114.70729,-13.180571,18.77368,-0.037821405,-8.105533,-13.602605,-10.170687,-2.9454575,-3.1613777,4.9355,-1.1432859,-8.051806,-0.46267295,-3.7221704,-10.58313,-4.5053554,-9.347363,-4.821071,0.27656037"
knowledge,"-501.22623,109.71635,-7.374448,23.843113,-0.14670826,-9.209098,-11.325342,-13.062803,-2.3587227,-2.3030384,-2.8362007,-0.10430595,-2.8801763,-2.7933044,-4.041405,-11.4909315,-6.384861,-6.9244833,-5.8105373,-2.2663317"
knowledge,"-487.2927,130.40817,-7.1681514,19.643597,-3.237271,-8.591584,-3.034629,-2.1393697,-5.25581,-4.3584514,0.8646328,-2.2819736,2.028103,-1.3361598,-7.1011696,-3.429777,-0.4209993,-6.920257,-4.3780513,-2.8869355"
knowledge,"-485.1863,131.10777,-4.92333,18.896984,-4.461309,-21.681606,-11.70086,-7.273559,-8.046909,-5.983023,-1.3078704,-4.453091,-4.058592,-3.9251115,-7.590217,-7.3093266,-4.852798,-9.04168,-7.4124503,-4.6057096"
knowledge,"-528.506,118.208374,-10.199341,36.502304,0.56823707,-8.707047,-8.2543745,-9.553449,-2.74639,0.4499284,-1.301548,-3.2703614,0.6104054,-6.410649,-7.6610084,-8.206397,-6.42053,-6.825273,-6.221424,-2.5819"
knowledge,"-460.07886,114.70729,-13.180571,18.77368,-0.037821405,-8.105533,-13.602605,-10.170687,-2.9454575,-3.1613777,4.9355,-1.1432859,-8.051806,-0.46267295,-3.7221704,-10.58313,-4.5053554,-9.347363,-4.821071,0.27656037"
knowledge,"-501.22623,109.71635,-7.374448,23.843113,-0.14670826,-9.209098,-11.325342,-13.062803,-2.3587227,-2.3030384,-2.8362007,-0.10430595,-2.8801763,-2.7933044,-4.041405,-11.4909315,-6.384861,-6.9244833,-5.8105373,-2.2663317"
knowledge,"-537.28015,130.40831,-32.98026,23.698776,2.8700018,-3.9803746,-13.875287,1.2396306,-1.0474551,-14.054775,-4.249656,3.4972112,-5.624822,-2.3615873,-0.89741826,-7.8686028,2.601653,-14.133992,-2.6696365,-2.41181"
knowledge,"-467.3933,110.24956,-25.951942,12.003276,-11.715648,6.2580867,-8.973578,-3.7371476,-8.210755,-4.261707,-1.9077697,-8.536944,-3.3322814,-4.75872,-8.928695,-8.086301,4.420029,-11.522428,-1.5669029,-1.9836837"
knowledge,"-409.25882,111.67289,-18.191591,8.828205,-22.46196,16.839134,-17.991905,-0.968232,-1.4875469,-6.6832094,8.21461,-8.398268,-3.8424149,-4.74351,-6.6506505,-7.9254713,1.3547938,-13.2503195,-7.5467257,-1.6400284"
knowledge,"-388.24265,77.06907,-33.529205,12.949868,-34.843563,0.68665665,-21.582922,-11.343068,4.6411643,-16.351316,1.9316407,-8.058674,-6.335182,-1.428934,-9.045463,-9.326128,-4.1567106,-7.271227,-13.3253975,-7.9082866"
knowledge,"-430.45837,86.50222,-18.144617,11.213585,-33.01818,8.140121,-22.282879,-3.702679,-4.571992,-7.6816835,2.7860081,-16.40369,0.88823605,-0.32246295,-7.792933,-10.727487,-0.97291005,-12.4265375,-6.2620096,2.6229353"
knowledge,"-555.7342,123.74528,-12.764274,12.186892,-4.912243,4.050885,-4.897724,-5.2027473,-1.1043806,-8.563371,-5.2632575,-0.6929118,-8.583794,-4.7362237,0.4712917,-6.760891,-0.06089413,-11.855879,-8.322174,-1.4569018"
knowledge,"-490.86993,106.107,-21.940388,18.751097,-2.2267044,-3.6669044,-9.461581,2.506129,-5.0868044,-17.235619,-7.267527,-2.3189368,-13.536004,-7.1707063,1.1565495,-7.958153,1.2258083,-12.827293,-2.3939414,0.9832948"
knowledge,"-488.70877,123.57898,-39.71685,14.618565,-4.5160513,2.7186918,-12.534512,0.7811653,-1.2627652,-13.187465,-4.526896,-7.219082,-7.536009,0.1555166,-5.675922,-8.1914425,4.5934362,-14.916596,-3.0603843,-3.283235"
knowledge,"-516.12866,133.69936,-19.863651,17.14322,-11.88301,0.821087,-11.86319,1.2787544,-10.463729,-13.25375,-0.66497606,-4.265438,-4.4591665,-7.27916,-8.673867,-2.7530944,5.8148975,-15.560743,-1.2402307,-3.6160188"
knowledge,"-509.12952,131.8451,-35.369133,25.092627,-2.6142673,-0.5490451,-1.7241518,-5.6193285,-1.8126539,-11.373478,-8.4732,-3.4565043,-8.330341,-4.015568,-7.33785,-9.100698,-1.3916782,-16.01989,-1.8913443,-2.1764765"
knowledge,"-530.9221,111.35347,12.373541,10.488995,-4.9242153,6.936197,-7.052212,2.1766622,0.27427095,-14.055214,-8.577656,-3.0617907,0.13381185,-11.516731,-6.994873,-4.5405536,-9.20824,-3.472554,-2.6268225,-7.04334"
knowledge,"-493.7356,117.2203,12.120189,10.121983,-15.883559,4.145945,-7.819126,-3.1434689,-5.0170283,-6.535971,-6.8965755,-4.5029593,0.06785014,-13.836977,-5.3376293,-2.72672,-4.1555386,-7.7823396,-5.8889866,-6.325441"
knowledge,"-500.6056,107.13547,1.4506422,8.2308,0.49425924,9.690905,-15.323399,-5.7833776,0.39401743,-1.9342809,-8.140072,-10.016881,1.2873824,-8.962156,-6.990302,-4.186605,-3.0806024,-5.3294983,-6.5195155,-6.790896"
knowledge,"-488.4898,100.95991,-0.14578268,12.132674,1.1141286,6.610705,-12.234562,0.99985206,-3.4654129,-9.903229,-8.035939,-7.191146,1.2568362,-9.070511,-5.8318243,-3.8603842,-5.0155444,-6.2025723,0.14538771,-1.0634722"
knowledge,"-520.7507,115.6741,16.9016,7.0408335,0.13040607,12.303342,-9.465924,-1.2218864,-11.9453945,-15.822794,-11.131326,-2.9767282,-0.648132,-14.202688,-3.2197976,-0.11201159,-4.5107956,-8.352091,-0.07502003,-6.2627215"
knowledge,"-520.7507,115.6741,16.9016,7.0408335,0.13040607,12.303342,-9.465924,-1.2218864,-11.9453945,-15.822794,-11.131326,-2.9767282,-0.648132,-14.202688,-3.2197976,-0.11201159,-4.5107956,-8.352091,-0.07502003,-6.2627215"
knowledge,"-488.4898,100.95991,-0.14578268,12.132674,1.1141286,6.610705,-12.234562,0.99985206,-3.4654129,-9.903229,-8.035939,-7.191146,1.2568362,-9.070511,-5.8318243,-3.8603842,-5.0155444,-6.2025723,0.14538771,-1.0634722"
knowledge,"-500.6056,107.13547,1.4506422,8.2308,0.49425924,9.690905,-15.323399,-5.7833776,0.39401743,-1.9342809,-8.140072,-10.016881,1.2873824,-8.962156,-6.990302,-4.186605,-3.0806024,-5.3294983,-6.5195155,-6.790896"
knowledge,"-493.7356,117.2203,12.120189,10.121983,-15.883559,4.145945,-7.819126,-3.1434689,-5.0170283,-6.535971,-6.8965755,-4.5029593,0.06785014,-13.836977,-5.3376293,-2.72672,-4.1555386,-7.7823396,-5.8889866,-6.325441"
knowledge,"-530.9221,111.35347,12.373541,10.488995,-4.9242153,6.936197,-7.052212,2.1766622,0.27427095,-14.055214,-8.577656,-3.0617907,0.13381185,-11.516731,-6.994873,-4.5405536,-9.20824,-3.472554,-2.6268225,-7.04334"
learn,"-522.9374,118.85305,-13.414554,26.717087,-0.074981205,4.377995,-2.6520066,1.7974304,2.2336662,-6.4687676,2.2390268,-12.9918785,-3.2918448,-0.44294056,-15.122216,-1.4172926,-2.9588385,-10.435359,-8.273839,-10.870728"
learn,"-499.5031,125.125824,-21.05755,22.508173,-7.7985015,5.121449,-3.5619705,0.65768653,3.8950086,-8.156218,-0.8613908,-7.8384604,-3.0258496,-5.831722,-16.015594,-5.222111,-1.1880256,-7.7117877,-5.74097,-4.8525248"
learn,"-500.744,106.09596,-4.1684456,22.641161,-14.839333,0.3059895,-0.21734878,-4.092185,-4.792097,-5.958896,-2.5625064,-10.990881,-6.723952,-5.8926826,-8.96049,-5.506826,-2.4987504,-9.032373,-5.437734,-3.8669167"
learn,"-514.6726,115.091545,-10.246921,25.264484,-22.033371,1.7225924,2.821735,0.56670356,-10.5344515,-9.987661,3.2038295,-12.056813,-3.1733522,-13.100194,-9.165987,2.3069174,-9.52319,-9.175778,-3.899053,-4.284663"
learn,"-526.6642,103.48435,11.614897,18.796005,-13.882751,4.87799,0.8418685,-4.9453373,-5.550177,-8.306025,-1.0068761,-9.743516,-4.436582,-6.1465907,-8.340046,-0.71482867,-5.823989,-5.37306,-4.013316,-6.431979"
learn,"-526.6642,103.48435,11.614897,18.796005,-13.882751,4.87799,0.8418685,-4.9453373,-5.550177,-8.306025,-1.0068761,-9.743516,-4.436582,-6.1465907,-8.340046,-0.71482867,-5.823989,-5.37306,-4.013316,-6.431979"
learn,"-514.6726,115.091545,-10.246921,25.264484,-22.033371,1.7225924,2.821735,0.56670356,-10.5344515,-9.987661,3.2038295,-12.056813,-3.1733522,-13.100194,-9.165987,2.3069174,-9.52319,-9.175778,-3.899053,-4.284663"
learn,"-500.744,106.09596,-4.1684456,22.641161,-14.839333,0.3059895,-0.21734878,-4.092185,-4.792097,-5.958896,-2.5625064,-10.990881,-6.723952,-5.8926826,-8.96049,-5.506826,-2.4987504,-9.032373,-5.437734,-3.8669167"
learn,"-499.5031,125.125824,-21.05755,22.508173,-7.7985015,5.121449,-3.5619705,0.65768653,3.8950086,-8.156218,-0.8613908,-7.8384604,-3.0258496,-5.831722,-16.015594,-5.222111,-1.1880256,-7.7117877,-5.74097,-4.8525248"
learn,"-522.9374,118.85305,-13.414554,26.717087,-0.074981205,4.377995,-2.6520066,1.7974304,2.2336662,-6.4687676,2.2390268,-12.9918785,-3.2918448,-0.44294056,-15.122216,-1.4172926,-2.9588385,-10.435359,-8.273839,-10.870728"
learn,"-417.8422,119.3761,-17.135927,19.2006,-10.807506,-2.0384061,-10.769801,-3.8396597,-11.112682,-9.26448,-1.4363357,-9.082281,-6.632854,-10.232881,-1.279145,-8.890042,-7.265967,-6.7859054,-7.5556808,-2.2771432"
learn,"-417.8422,119.3761,-17.135927,19.2006,-10.807506,-2.0384061,-10.769801,-3.8396597,-11.112682,-9.26448,-1.4363357,-9.082281,-6.632854,-10.232881,-1.279145,-8.890042,-7.265967,-6.7859054,-7.5556808,-2.2771432"
learn,"-417.8422,119.3761,-17.135927,19.2006,-10.807506,-2.0384061,-10.769801,-3.8396597,-11.112682,-9.26448,-1.4363357,-9.082281,-6.632854,-10.232881,-1.279145,-8.890042,-7.265967,-6.7859054,-7.5556808,-2.2771432"
learn,"-417.8422,119.3761,-17.135927,19.2006,-10.807506,-2.0384061,-10.769801,-3.8396597,-11.112682,-9.26448,-1.4363357,-9.082281,-6.632854,-10.232881,-1.279145,-8.890042,-7.265967,-6.7859054,-7.5556808,-2.2771432"
learn,"-466.20145,140.00702,-6.622115,11.517748,-10.652266,-7.2270365,-9.036333,1.1298944,-4.746363,-12.834481,2.0085893,-3.6668394,-3.89528,-0.42847395,-5.9105515,-3.9268057,-3.779806,-8.94599,-3.3688767,-5.973938"
learn,"-480.30502,109.04893,-4.5241437,15.010476,-0.4667759,-10.073471,-7.726594,-4.452201,-7.6146927,-11.705353,-1.4188746,-0.3147366,-5.5957828,-3.0002017,-2.114389,-3.508753,-4.29226,-7.017682,-1.7815794,-0.979726"
learn,"-493.11246,134.49615,2.847732,19.321295,2.0008242,-2.9307756,-8.593236,-1.9590069,-1.9425479,-5.0316615,3.8636184,-0.24780138,-1.7958946,-1.7420856,-7.2029986,-6.2848406,-1.486487,-6.316635,-1.5534624,-0.10628112"
learn,"-480.80115,114.83353,-8.578186,13.702721,-2.9776776,-11.256286,-8.874794,-0.61177194,-7.235083,-10.0570545,3.2912927,-3.0554588,-4.126321,-2.2143934,-4.880475,-5.7133284,-4.569769,-4.337918,-5.0485106,-3.4021606"
learn,"-432.50647,135.2735,-10.706144,6.1337075,-8.026716,-15.303463,-13.759528,-7.6391063,-9.603778,-11.865137,-0.3939338,-7.503216,-9.570261,-6.1026406,-9.240115,-5.6185346,-4.1607876,-5.3678303,-1.4088926,-2.2556999"
learn,"-484.7094,102.61033,-4.269419,12.980529,0.09326545,-11.308644,-10.343734,-5.389317,-7.4165154,-10.22292,-2.6798778,-2.1671839,-5.9815464,-4.1039047,-2.429101,-4.854146,-2.9751165,-3.9655428,-3.5910153,-2.6319394"
learn,"-468.51642,106.9917,-3.2493706,6.1985054,-15.793715,3.0108986,-0.28971273,4.313907,2.2837186,-6.3770323,0.40152007,-8.711505,-9.21916,-7.6016097,-6.631627,-4.0864525,-4.070134,-8.133659,-3.0501652,-0.4647666"
learn,"-394.1271,82.15824,-19.990934,-8.2002535,-39.943325,2.8385432,-12.30795,-6.4265757,1.7950687,-13.330295,-0.08722716,-13.782658,-14.246295,-5.758542,-6.4603324,-4.507509,-3.1349335,-10.5837965,-7.4909577,-3.1361606"
learn,"-427.19476,75.18668,-18.172504,-7.453156,-35.05276,3.1050584,-2.1726828,-6.01338,-3.052479,-12.904653,0.66878575,-12.681977,-12.986049,-0.91292703,-4.626213,-4.4167137,-2.506244,-10.920951,-10.602686,-2.9572423"
learn,"-432.52167,92.2775,-11.838306,-4.9493823,-31.069725,5.7046947,-1.8570076,-6.8696537,3.154012,-11.504383,-2.1233308,-7.7981424,-13.328913,-4.317053,-3.7227829,-5.989508,-8.568969,-11.946261,-5.074791,-3.7845154"
learn,"-418.40884,108.65554,-16.429203,4.1132817,-45.001434,0.2951011,-0.89501965,-12.045535,0.5170584,-13.801828,-4.063493,-9.455168,-19.842476,-8.357567,-2.9621384,-4.6320767,-3.1959538,-12.2709675,-5.793305,-0.43116465"
learn,"-382.68008,93.81094,-28.88902,-0.39349303,-41.6862,-0.44001606,-4.6104,-2.0727987,-5.4361753,-11.620884,3.1420605,-11.457995,-11.273413,-7.356716,-4.309111,-5.4161243,-5.85808,-9.127019,-4.8996277,-1.255286"
learn,"-417.10764,85.69637,-20.818136,12.84634,-37.67848,2.1775465,-7.9601183,3.0023446,-1.9871007,-9.591716,3.5040686,-10.441356,-7.1841764,-5.3978486,-3.8919857,-3.0826404,-0.98507965,-10.561757,-4.743613,-3.3807735"
learn,"-467.1335,100.378204,-22.735601,4.2004294,-17.589077,3.1511886,-16.446106,-3.9099236,7.4180546,-15.746338,-0.13073564,0.668917,-16.59865,-12.591818,-2.1146202,-4.6943903,-5.3245697,-10.773736,-1.1412017,-1.7137549"
learn,"-451.44977,117.57692,-25.693129,7.4055524,-30.02146,2.5216088,-3.9151824,-4.8883634,1.3784882,-9.556107,0.95735055,-4.974093,-21.614742,-12.695345,-1.3933934,-5.032681,-2.7199326,-15.142341,-3.8120363,-1.7925235"
learn,"-407.17163,114.639046,-21.952217,9.127076,-47.268063,-2.4391975,-1.6773574,-11.471748,-1.4073269,-9.972958,-5.419332,-8.500287,-15.845879,-12.113252,-4.026272,-9.551515,-5.141653,-13.647611,-9.260196,-2.5368345"
learn,"-476.41757,123.76967,17.618778,8.29898,-12.620408,-1.6661932,-6.8467035,-2.149257,-9.82326,-19.181173,-12.098854,-4.753049,2.2516146,-11.037689,-10.098749,-2.168357,-5.471412,-5.3246713,-3.191683,-8.249511"
learn,"-550.9759,126.42287,6.5485063,7.4234195,6.1257596,4.513675,-9.959044,1.7418613,-1.2524474,-12.813498,-11.12441,-10.055592,-2.9888558,-7.3738728,-4.6803985,-4.712682,-5.402341,-4.6626406,-5.3491244,-4.9422517"
learn,"-534.6581,128.9913,-7.132384,7.930661,12.732995,6.132785,-17.370321,2.3746388,-2.9583938,-11.326547,-11.505333,-13.445177,-1.3409779,-9.065971,-8.178709,-5.2787323,0.20722756,-5.5546684,-6.518065,-2.8697941"
learn,"-539.06647,131.54047,8.289108,0.3335542,3.8567617,11.972977,-9.2360735,1.2005694,-5.987694,-15.152735,-9.042411,-12.261777,-1.4032738,-7.078186,-5.8957314,-3.9212291,-5.3378983,-3.6166563,-4.253751,-3.563845"
learn,"-562.48065,126.68494,-8.024588,14.891775,2.9290266,11.3270445,-13.454901,6.7482195,-7.010297,-9.572069,-4.686334,-10.418869,-0.40023732,-11.274557,-1.7701044,-7.2666984,-2.7793174,-1.9981664,-5.0930743,-4.298779"
learn,"-562.48065,126.68494,-8.024588,14.891775,2.9290266,11.3270445,-13.454901,6.7482195,-7.010297,-9.572069,-4.686334,-10.418869,-0.40023732,-11.274557,-1.7701044,-7.2666984,-2.7793174,-1.9981664,-5.0930743,-4.298779"
learn,"-539.06647,131.54047,8.289108,0.3335542,3.8567617,11.972977,-9.2360735,1.2005694,-5.987694,-15.152735,-9.042411,-12.261777,-1.4032738,-7.078186,-5.8957314,-3.9212291,-5.3378983,-3.6166563,-4.253751,-3.563845"
learn,"-534.6581,128.9913,-7.132384,7.930661,12.732995,6.132785,-17.370321,2.3746388,-2.9583938,-11.326547,-11.505333,-13.445177,-1.3409779,-9.065971,-8.178709,-5.2787323,0.20722756,-5.5546684,-6.518065,-2.8697941"
learn,"-550.9759,126.42287,6.5485063,7.4234195,6.1257596,4.513675,-9.959044,1.7418613,-1.2524474,-12.813498,-11.12441,-10.055592,-2.9888558,-7.3738728,-4.6803985,-4.712682,-5.402341,-4.6626406,-5.3491244,-4.9422517"
learn,"-476.41757,123.76967,17.618778,8.29898,-12.620408,-1.6661932,-6.8467035,-2.149257,-9.82326,-19.181173,-12.098854,-4.753049,2.2516146,-11.037689,-10.098749,-2.168357,-5.471412,-5.3246713,-3.191683,-8.249511"
library,"-475.5355,113.498215,-13.216394,30.328285,-9.630853,-4.589167,-17.236574,-4.801709,-0.7423525,-12.572789,-1.4016237,-14.534104,-5.4211926,-1.9347074,-11.3716,-7.020934,0.257012,-3.8987973,-8.368949,-0.70102876"
library,"-475.76807,123.60632,-13.735551,26.968807,-9.265604,-1.1244203,-14.568805,-10.356262,1.763106,-8.16598,-7.4379716,-15.566103,-10.160309,1.3021644,-10.717775,-9.011537,1.7124923,-9.483934,-3.5923827,-2.9428737"
library,"-493.2407,113.86675,-7.0605674,37.196316,-12.383974,-7.0475035,-14.084172,-14.25997,-4.1189175,-8.29213,-6.575245,-10.629602,-6.885429,-3.0291924,-13.059777,-8.283676,0.54198307,-10.548241,-2.675992,-4.218714"
library,"-498.4548,117.77875,-9.05591,51.555088,-18.061365,-15.040934,0.7655909,-14.907703,-9.075922,-7.8992405,-5.4738955,-11.434061,-8.769564,-3.3685198,-14.585189,-8.967495,-0.7844917,-9.027354,-4.7804804,-6.762925"
library,"-509.14688,98.642944,-4.0982213,37.343307,-17.003386,-11.252413,-5.357115,-8.76225,-3.7027047,-7.5064487,-2.4283059,-9.131575,-6.6186113,-5.2139745,-9.620057,-6.6104083,-1.5692855,-7.3926845,-7.578012,-0.086777225"
library,"-509.14688,98.642944,-4.0982213,37.343307,-17.003386,-11.252413,-5.357115,-8.76225,-3.7027047,-7.5064487,-2.4283059,-9.131575,-6.6186113,-5.2139745,-9.620057,-6.6104083,-1.5692855,-7.3926845,-7.578012,-0.086777225"
library,"-498.4548,117.77875,-9.05591,51.555088,-18.061365,-15.040934,0.7655909,-14.907703,-9.075922,-7.8992405,-5.4738955,-11.434061,-8.769564,-3.3685198,-14.585189,-8.967495,-0.7844917,-9.027354,-4.7804804,-6.762925"
library,"-493.2407,113.86675,-7.0605674,37.196316,-12.383974,-7.0475035,-14.084172,-14.25997,-4.1189175,-8.29213,-6.575245,-10.629602,-6.885429,-3.0291924,-13.059777,-8.283676,0.54198307,-10.548241,-2.675992,-4.218714"
library,"-475.76807,123.60632,-13.735551,26.968807,-9.265604,-1.1244203,-14.568805,-10.356262,1.763106,-8.16598,-7.4379716,-15.566103,-10.160309,1.3021644,-10.717775,-9.011537,1.7124923,-9.483934,-3.5923827,-2.9428737"
library,"-475.5355,113.498215,-13.216394,30.328285,-9.630853,-4.589167,-17.236574,-4.801709,-0.7423525,-12.572789,-1.4016237,-14.534104,-5.4211926,-1.9347074,-11.3716,-7.020934,0.257012,-3.8987973,-8.368949,-0.70102876"
library,"-474.49472,119.37534,-7.64584,41.10921,0.9000693,-20.350006,-15.632548,-4.941784,-11.257458,-7.742049,-8.33051,-10.3159685,3.2164001,-0.85352457,-6.2094407,-7.668071,-2.7673142,-7.964288,-6.591793,-2.2925422"
library,"-486.8951,120.814316,4.6377144,33.37013,-15.975226,-24.2097,-12.417232,-9.270729,-15.576878,-8.25567,-5.283988,-5.8092794,-2.9000568,-6.2591424,-3.3103065,-8.47439,-4.972197,-6.673242,-8.522458,-6.0010004"
library,"-431.59528,137.89392,-20.690657,40.510624,-2.7136505,1.3365549,-15.598846,-7.938012,-3.860929,4.5749974,-0.7027833,-6.953055,1.4749262,-7.504096,-5.1279593,-10.856274,-1.3523085,-6.391341,-6.184236,-2.3080096"
library,"-538.7556,107.01904,7.8806396,51.06988,-0.20769358,-5.0748243,-0.12623094,-13.189722,-7.277498,-8.247735,-7.457604,-5.451413,0.6114395,-3.678061,-10.896939,-3.3766584,-8.436659,-9.887988,-3.3699021,-9.530929"
library,"-530.16925,105.45133,0.85267097,54.720104,-1.306102,-6.8485236,-2.7696764,-14.35854,-6.858631,-5.696955,-7.5167236,-8.123023,3.347799,-4.3926287,-14.837869,-0.92534447,-3.7709987,-13.679737,-5.2816663,-6.0504017"
library,"-474.49472,119.37534,-7.64584,41.10921,0.9000693,-20.350006,-15.632548,-4.941784,-11.257458,-7.742049,-8.33051,-10.3159685,3.2164001,-0.85352457,-6.2094407,-7.668071,-2.7673142,-7.964288,-6.591793,-2.2925422"
library,"-486.8951,120.814316,4.6377144,33.37013,-15.975226,-24.2097,-12.417232,-9.270729,-15.576878,-8.25567,-5.283988,-5.8092794,-2.9000568,-6.2591424,-3.3103065,-8.47439,-4.972197,-6.673242,-8.522458,-6.0010004"
library,"-431.59528,137.89392,-20.690657,40.510624,-2.7136505,1.3365549,-15.598846,-7.938012,-3.860929,4.5749974,-0.7027833,-6.953055,1.4749262,-7.504096,-5.1279593,-10.856274,-1.3523085,-6.391341,-6.184236,-2.3080096"
library,"-538.7556,107.01904,7.8806396,51.06988,-0.20769358,-5.0748243,-0.12623094,-13.189722,-7.277498,-8.247735,-7.457604,-5.451413,0.6114395,-3.678061,-10.896939,-3.3766584,-8.436659,-9.887988,-3.3699021,-9.530929"
library,"-530.16925,105.45133,0.85267097,54.720104,-1.306102,-6.8485236,-2.7696764,-14.35854,-6.858631,-5.696955,-7.5167236,-8.123023,3.347799,-4.3926287,-14.837869,-0.92534447,-3.7709987,-13.679737,-5.2816663,-6.0504017"
library,"-402.854,101.45286,-14.026197,17.421246,-17.06402,-18.299107,-16.091864,-14.18013,-9.523646,-9.672486,-7.2520857,-6.0166545,-3.4203792,-1.7379521,-5.8304367,-6.728253,-3.8180451,-12.609919,-6.399007,-5.02621"
library,"-389.67603,98.01712,-8.084346,28.244238,-25.561823,-18.48192,-22.331013,-12.55816,-23.266676,-12.34776,-2.9534583,-12.413567,-2.2899876,-5.5246763,-11.26846,-10.345843,-1.2146591,-10.233118,-7.8251243,-7.64322"
library,"-375.83493,88.29044,-40.97409,22.092249,-15.872687,-23.321917,-24.58803,-11.528,-18.518871,-10.2778425,-3.59173,-9.218559,-4.3953834,-4.739296,-3.6830497,-9.302561,-4.467884,-9.897197,-7.814531,-8.2286415"
library,"-351.42612,96.95156,-30.166065,23.01319,-22.060131,-22.127901,-25.229753,-7.333649,-18.062979,-9.316662,-3.1451335,-10.100295,-2.9103515,-5.207524,-3.0624628,-11.228225,-6.6635795,-8.19991,-6.142628,-8.221101"
library,"-375.3063,106.80742,-31.610136,25.026566,-14.067301,-15.325321,-20.808666,-11.412524,-9.39202,-9.172878,-4.9071937,-7.9766927,0.8060384,-4.5968704,-4.137577,-7.492231,-4.0098104,-5.1090217,-6.4998116,-2.464248"
library,"-356.29904,107.2792,-39.656536,18.883493,-17.410881,-26.010866,-14.587394,-6.849098,-10.718941,-9.618164,-1.1294408,-17.144194,-5.717531,-0.61053234,-7.3867817,-3.1545062,-3.8414092,-7.3298726,-10.590738,-11.181598"
library,"-344.27945,92.09253,-29.757097,24.696362,-28.242693,-18.468264,-23.87566,0.9868847,-17.46561,-8.916266,11.470692,-5.460044,-0.35400084,-0.7601157,-4.833484,-11.739777,-0.48480132,-9.796198,-1.8616695,-1.8705728"
library,"-413.212,110.45659,-13.095455,35.723053,-13.210206,-16.600548,0.67522955,-13.535884,-10.203986,-1.753579,-0.42153984,-4.5533423,-6.5251393,-2.2910626,-6.408336,-7.228934,0.3955048,-6.841669,-7.335951,-4.7138596"
library,"-392.8589,96.65644,-17.724794,22.663675,-25.450191,-6.9431686,-23.426348,-17.10404,-6.048138,-10.920842,-6.404129,-6.291988,-5.3667,-8.449611,-3.922734,-8.5173435,-0.790518,-10.067021,-7.607583,-2.6771922"
library,"-365.32126,107.342964,-25.853037,17.140303,-27.31439,-8.539047,-21.700327,-16.180193,-6.8775983,-12.124397,-1.8320888,-7.334895,-6.6208305,-3.7697334,-7.55238,-5.4204097,-0.34987363,-11.537324,-6.6523147,-6.0455656"
library,"-513.95544,105.23613,13.380796,12.861122,-2.3956504,8.49074,-7.363084,0.15748152,-5.144834,-9.20197,-3.9462867,-0.9647751,-12.164385,-14.646704,-2.19465,-3.0477355,-0.20817795,-9.765966,-2.9945478,-5.124114"
library,"-481.19504,115.5146,11.346614,30.227386,5.2969365,1.9459767,-21.014791,1.8788729,-5.5222116,-14.745233,-6.223856,-7.2664323,-4.850864,-12.6406975,-3.7376485,-5.553162,-7.0856447,-3.0178695,-2.7346938,-11.087045"
library,"-505.0526,122.6307,-2.021572,21.039911,-2.8468914,9.362145,-18.91844,0.6395965,-5.363296,-3.2910414,-8.305327,-12.457386,0.23755947,-13.869442,-5.925387,-10.284388,-4.018105,-8.422567,-6.924181,-4.8900585"
library,"-505.1453,110.17658,0.38970217,20.018303,-1.879477,8.461625,-10.791306,-4.0214133,-9.805364,-7.6631503,-8.456974,-6.31972,-2.7845805,-9.738985,-1.9027091,-7.2171903,-4.3326917,-11.024021,-3.8315768,-5.522408"
library,"-480.54053,122.25614,-1.9714979,22.371187,0.42152166,7.72949,-25.60916,7.10483,-2.3904383,-13.14691,-6.8069105,-4.1080947,-0.42021695,-14.04005,-3.4726021,-6.9961452,-2.7350621,-8.569863,-3.6942492,-7.083306"
library,"-480.54053,122.25614,-1.9714979,22.371187,0.42152166,7.72949,-25.60916,7.10483,-2.3904383,-13.14691,-6.8069105,-4.1080947,-0.42021695,-14.04005,-3.4726021,-6.9961452,-2.7350621,-8.569863,-3.6942492,-7.083306"
library,"-505.1453,110.17658,0.38970217,20.018303,-1.879477,8.461625,-10.791306,-4.0214133,-9.805364,-7.6631503,-8.456974,-6.31972,-2.7845805,-9.738985,-1.9027091,-7.2171903,-4.3326917,-11.024021,-3.8315768,-5.522408"
library,"-505.0526,122.6307,-2.021572,21.039911,-2.8468914,9.362145,-18.91844,0.6395965,-5.363296,-3.2910414,-8.305327,-12.457386,0.23755947,-13.869442,-5.925387,-10.284388,-4.018105,-8.422567,-6.924181,-4.8900585"
library,"-481.19504,115.5146,11.346614,30.227386,5.2969365,1.9459767,-21.014791,1.8788729,-5.5222116,-14.745233,-6.223856,-7.2664323,-4.850864,-12.6406975,-3.7376485,-5.553162,-7.0856447,-3.0178695,-2.7346938,-11.087045"
library,"-513.95544,105.23613,13.380796,12.861122,-2.3956504,8.49074,-7.363084,0.15748152,-5.144834,-9.20197,-3.9462867,-0.9647751,-12.164385,-14.646704,-2.19465,-3.0477355,-0.20817795,-9.765966,-2.9945478,-5.124114"
read,"-480.738,131.98903,-14.356098,1.8245326,-16.609367,3.370396,-6.0630608,-12.228405,-5.3410225,-5.171911,0.76762545,-10.066017,-10.448682,-7.2399826,-12.781491,-8.967573,-5.08627,-10.853195,-9.78447,-6.6865277"
read,"-467.56735,143.51764,-18.470154,-8.17988,-10.766429,-1.3805461,-10.015025,-9.330864,-5.0192976,-9.2677555,-5.1588984,-7.5544524,-12.2118025,-4.410169,-10.986036,-13.439191,-2.6637757,-12.08362,-5.816461,-4.0515413"
read,"-488.24417,134.20654,0.44543236,12.808437,-20.680141,13.097731,1.8753331,-11.401713,1.3992978,-5.553652,5.2167325,-8.697611,-8.80296,-0.63147515,-11.500656,-8.346204,-0.20702885,-5.3598576,-8.086606,-0.88641715"
read,"-473.3535,144.05396,1.5049205,5.8289604,-15.337324,11.591151,0.55991,-10.436242,-0.6761638,-8.121696,6.1598544,-5.570486,-13.656151,-3.0293775,-10.766228,-7.428512,-2.576607,-8.865267,-6.013354,-4.5595927"
read,"-478.78778,121.73349,-12.875544,8.026533,-26.699318,1.8396567,-4.792945,-12.947483,-8.809497,-5.9804993,1.2798193,-14.201918,-11.456535,-4.5821085,-12.5276375,-8.9267025,-1.1544735,-8.419671,-4.5939445,-3.5004373"
read,"-478.78778,121.73349,-12.875544,8.026533,-26.699318,1.8396567,-4.792945,-12.947483,-8.809497,-5.9804993,1.2798193,-14.201918,-11.456535,-4.5821085,-12.5276375,-8.9267025,-1.1544735,-8.419671,-4.5939445,-3.5004373"
read,"-473.3535,144.05396,1.5049205,5.8289604,-15.337324,11.591151,0.55991,-10.436242,-0.6761638,-8.121696,6.1598544,-5.570486,-13.656151,-3.0293775,-10.766228,-7.428512,-2.576607,-8.865267,-6.013354,-4.5595927"
read,"-488.24417,134.20654,0.44543236,12.808437,-20.680141,13.097731,1.8753331,-11.401713,1.3992978,-5.553652,5.2167325,-8.697611,-8.80296,-0.63147515,-11.500656,-8.346204,-0.20702885,-5.3598576,-8.086606,-0.88641715"
read,"-467.56735,143.51764,-18.470154,-8.17988,-10.766429,-1.3805461,-10.015025,-9.330864,-5.0192976,-9.2677555,-5.1588984,-7.5544524,-12.2118025,-4.410169,-10.986036,-13.439191,-2.6637757,-12.08362,-5.816461,-4.0515413"
read,"-480.738,131.98903,-14.356098,1.8245326,-16.609367,3.370396,-6.0630608,-12.228405,-5.3410225,-5.171911,0.76762545,-10.066017,-10.448682,-7.2399826,-12.781491,-8.967573,-5.08627,-10.853195,-9.78447,-6.6865277"
read,"-518.45306,123.54258,-3.8655114,28.915674,-10.945496,5.496048,9.511969,-10.266151,-10.013444,-6.3694134,-0.9855791,-8.630741,-0.20922248,-6.4822516,-9.376267,1.8575304,-11.643551,-8.9140005,-4.806461,-9.100038"
read,"-510.38034,130.92471,-5.9769607,22.169579,-11.031405,5.9736643,10.929809,-6.8134823,-6.3629003,-1.0881151,1.7397661,-12.366756,-3.5814135,0.91948414,-7.7815943,-3.3646593,-7.5240555,-10.973194,-8.037296,-8.857703"
read,"-537.105,119.84913,-2.4077408,29.313469,-13.295193,6.055392,10.744107,-12.404766,-7.781428,-1.3419027,-2.9041529,-13.616483,-0.34623694,-3.3796084,-12.113605,-1.0564028,-7.6802278,-10.948667,-5.5946274,-7.713005"
read,"-531.832,123.33184,1.5627954,30.678358,-11.294284,12.964402,12.661136,-10.969028,-7.5510473,0.84316313,4.152619,-10.405341,1.5690452,-0.90884197,-10.909202,1.3451395,-3.4492142,-9.055963,-4.8323703,-4.8189173"
read,"-555.1011,121.11788,0.770974,35.381317,-12.049788,7.135758,9.335904,-8.421555,-6.4218764,-3.0047112,-1.2896581,-8.345134,2.819215,-5.175572,-11.117062,-0.93139875,-5.275469,-10.156157,-6.5189114,-5.898749"
read,"-518.45306,123.54258,-3.8655114,28.915674,-10.945496,5.496048,9.511969,-10.266151,-10.013444,-6.3694134,-0.9855791,-8.630741,-0.20922248,-6.4822516,-9.376267,1.8575304,-11.643551,-8.9140005,-4.806461,-9.100038"
read,"-510.38034,130.92471,-5.9769607,22.169579,-11.031405,5.9736643,10.929809,-6.8134823,-6.3629003,-1.0881151,1.7397661,-12.366756,-3.5814135,0.91948414,-7.7815943,-3.3646593,-7.5240555,-10.973194,-8.037296,-8.857703"
read,"-537.105,119.84913,-2.4077408,29.313469,-13.295193,6.055392,10.744107,-12.404766,-7.781428,-1.3419027,-2.9041529,-13.616483,-0.34623694,-3.3796084,-12.113605,-1.0564028,-7.6802278,-10.948667,-5.5946274,-7.713005"
read,"-531.832,123.33184,1.5627954,30.678358,-11.294284,12.964402,12.661136,-10.969028,-7.5510473,0.84316313,4.152619,-10.405341,1.5690452,-0.90884197,-10.909202,1.3451395,-3.4492142,-9.055963,-4.8323703,-4.8189173"
read,"-555.1011,121.11788,0.770974,35.381317,-12.049788,7.135758,9.335904,-8.421555,-6.4218764,-3.0047112,-1.2896581,-8.345134,2.819215,-5.175572,-11.117062,-0.93139875,-5.275469,-10.156157,-6.5189114,-5.898749"
read,"-426.0914,126.77301,-2.6260579,5.6162925,-45.636868,-0.38337845,3.4254384,-8.441065,-13.559897,-8.138619,8.803139,-14.681899,-5.9788537,-3.488106,-10.118979,0.34604433,-4.3097916,-9.777887,-7.516494,-5.843248"
read,"-493.3769,142.25136,-15.392359,20.04506,-28.045912,1.8962914,11.428943,-7.82193,-9.251198,-1.0263934,3.0548208,-3.6145957,-8.387606,-4.6129866,-1.9547038,-6.1000547,-1.1148418,-8.614692,-5.0006084,-1.9250041"
read,"-426.24194,107.550415,-4.512084,13.531993,-46.87585,8.347962,-4.231786,-5.5045576,0.6800901,-9.562649,3.5769703,-9.102403,-4.4702177,-7.8529077,-3.522938,-4.8654737,-2.9346712,0.112218134,-7.3259263,-2.9944572"
read,"-383.17313,105.06588,-13.961863,22.792309,-54.683884,1.2986766,-4.977463,0.10195414,-0.80165243,-13.693406,5.3568134,-13.817568,1.5472499,-10.939281,-9.494534,5.7196426,-6.6244807,-5.2759376,-3.2892215,-1.83779"
read,"-455.3934,116.56317,-29.49194,19.164614,-34.777077,-4.713689,-1.2885216,-0.08588479,-6.249845,-9.227707,1.755141,-10.252357,-2.4080923,-8.373659,-9.235388,-3.7775712,-1.8241185,-9.958095,-7.5031476,-4.248695"
read,"-499.61432,133.06071,-27.516712,7.206722,-18.336124,-5.4386024,3.3317888,-8.356233,-3.4148536,-3.100833,-1.395804,-2.5289814,1.858701,-4.539415,-5.694084,-4.1267486,-7.2650566,-6.8878584,-4.6520844,0.95996064"
read,"-449.33783,110.523544,-24.814869,21.958345,-32.50762,-6.5235004,-4.87708,-5.8549643,-1.7887201,-11.442422,1.1205384,-3.2354972,-1.960755,-8.351997,-9.629399,-3.4417102,-0.8936155,-8.833299,-7.7886996,-3.0618143"
read,"-458.9419,136.33592,-35.685448,29.171125,-25.586414,10.102535,-0.25660136,-8.735381,8.898665,-0.60639113,-3.1026092,-4.3728695,3.5022385,-8.398658,-6.692356,-0.42734516,-2.114772,-7.1907887,-5.907856,-4.176446"
read,"-418.16214,107.59025,-13.544337,16.567429,-49.721107,0.7196001,-3.9946995,-9.7018175,-2.2333474,-14.86336,0.049367506,-14.167245,-1.225323,-6.8823338,-9.258946,2.393641,-6.572784,-4.815537,-8.4101,-2.6390529"
read,"-389.0544,108.182335,-25.389265,-3.5418224,-47.42263,4.6494007,6.4587164,-6.4289346,-7.55958,-4.6030774,-0.50422657,-9.125417,-2.3983653,-5.689395,-5.000559,-5.44051,-2.4702299,-11.571333,-12.335664,-5.09261"
read,"-511.0563,121.54458,11.776033,11.097085,-9.484847,-6.5406857,-6.109742,6.6853433,-4.3061714,-6.4978795,-4.032818,-7.1524887,-0.40437174,-12.487528,-6.441901,-5.613363,-10.556679,-4.714793,-3.5514073,-5.215588"
read,"-402.67398,150.52806,10.776766,2.2746036,-35.75782,6.792403,-10.174423,2.1206453,-3.3681242,-17.268679,-1.3393779,-5.902337,-3.8698983,-19.650972,-8.173822,-4.360524,-16.580994,-5.762613,-1.3391677,-10.449467"
read,"-432.9662,146.94907,5.6221647,13.094857,-22.96419,-13.350585,-7.7071943,9.0886135,-1.4389464,-15.609829,-11.2907715,-2.931389,0.81098175,-19.439066,-10.8711605,-5.2413993,-10.1605835,-8.03394,-6.6232057,-7.9803786"
read,"-480.31598,113.67543,-10.990618,16.671627,-4.569599,-8.290575,-8.22244,9.759069,-7.853386,-4.2324014,-2.613872,-4.7279587,-0.45726833,-14.000647,-5.056198,-4.7599525,-7.2082496,-4.1665883,-0.03164732,-5.561561"
read,"-440.25732,144.33156,12.3834915,1.0996897,-23.806158,0.7808881,-7.7244368,7.127725,-11.170864,-3.2206948,-0.22193412,-14.461487,-5.4170446,-16.95695,-8.80475,-11.599215,-10.364372,-6.083998,-3.868138,-7.919136"
read,"-440.25732,144.33156,12.3834915,1.0996897,-23.806158,0.7808881,-7.7244368,7.127725,-11.170864,-3.2206948,-0.22193412,-14.461487,-5.4170446,-16.95695,-8.80475,-11.599215,-10.364372,-6.083998,-3.868138,-7.919136"
read,"-480.31598,113.67543,-10.990618,16.671627,-4.569599,-8.290575,-8.22244,9.759069,-7.853386,-4.2324014,-2.613872,-4.7279587,-0.45726833,-14.000647,-5.056198,-4.7599525,-7.2082496,-4.1665883,-0.03164732,-5.561561"
read,"-432.9662,146.94907,5.6221647,13.094857,-22.96419,-13.350585,-7.7071943,9.0886135,-1.4389464,-15.609829,-11.2907715,-2.931389,0.81098175,-19.439066,-10.8711605,-5.2413993,-10.1605835,-8.03394,-6.6232057,-7.9803786"
read,"-402.67398,150.52806,10.776766,2.2746036,-35.75782,6.792403,-10.174423,2.1206453,-3.3681242,-17.268679,-1.3393779,-5.902337,-3.8698983,-19.650972,-8.173822,-4.360524,-16.580994,-5.762613,-1.3391677,-10.449467"
read,"-511.0563,121.54458,11.776033,11.097085,-9.484847,-6.5406857,-6.109742,6.6853433,-4.3061714,-6.4978795,-4.032818,-7.1524887,-0.40437174,-12.487528,-6.441901,-5.613363,-10.556679,-4.714793,-3.5514073,-5.215588"
school,"-544.39624,90.86742,1.3799578,8.301989,-13.685138,-0.4719554,-9.757977,-9.880664,-6.8313737,-7.533876,-7.24796,-2.298761,-4.958535,-1.6535847,2.492979,-11.235875,0.6877154,-5.685092,-8.380125,1.5192543"
school,"-545.676,95.30216,1.6672453,13.274348,-13.009584,2.5392754,-10.10435,-10.86571,-6.4891334,-9.334563,-7.2826157,1.3236588,-7.040933,-4.0412607,2.4528046,-12.216328,1.0763968,-5.740412,-7.608088,-2.2722592"
school,"-581.57697,104.038765,7.903389,24.797771,-11.647187,12.526124,-0.95218503,-6.704178,-0.24088927,-5.7471757,-5.9953337,2.2670608,-2.3078072,-4.1142697,3.8338213,-11.872087,-0.07248557,-6.0924306,-10.796898,-0.6004223"
school,"-564.3308,101.54882,-7.854561,17.104359,-9.288487,6.407186,-5.1223173,-4.164422,-4.0388474,-7.430015,-1.4174813,1.7142025,-7.750713,-4.4621124,2.8443685,-17.758076,-2.3151991,-6.5282965,-12.489094,0.54754776"
school,"-547.57764,76.93851,1.5412208,6.1796637,-3.5447104,3.874142,-8.34629,-6.5333867,-2.1555855,-8.737228,-3.9775586,3.700921,-5.2403407,-1.0663861,1.1889868,-11.577249,-3.6244073,-8.746942,-10.502457,-3.3256574"
school,"-557.6452,98.69865,0.9478359,19.546984,-5.3904114,2.033515,-2.982392,-3.7373104,1.0462242,-6.946073,-6.5263762,1.5409199,-0.6827143,1.507778,3.8363204,-4.8144183,1.7505985,-8.690461,-10.827253,-4.558629"
school,"-515.8802,87.56314,11.375611,13.445476,-8.201595,10.106173,5.3130274,-7.747099,-1.4533389,-0.79699653,1.6167921,3.0654078,-2.7100885,0.75844616,-3.816198,-11.707157,-4.396938,-10.8441515,-9.054827,-4.914242"
school,"-506.90753,100.94483,-17.21558,2.8583472,-11.532728,-1.0841392,-3.6049616,-8.206391,-11.713297,-11.317511,-3.8221242,0.8425128,-7.5817184,-6.338146,-1.9341382,-8.211178,-1.0543915,-13.962187,-14.327751,0.5130735"
school,"-525.0517,100.743225,-9.75336,1.1774652,-15.102971,1.5217264,-4.164993,-7.0371833,-11.915703,-12.60338,-5.6782084,-3.2597766,-5.4239125,-0.57809836,-0.046036415,-7.869619,1.2102511,-10.683107,-12.169924,-3.8787332"
school,"-494.29953,77.503,-4.999742,15.433979,-15.042851,2.90519,-4.406601,-2.8743353,-3.0242443,-8.14213,-5.10684,-2.51206,-3.4021137,-1.0313529,-0.6016442,-11.215935,-2.3528461,-10.233112,-10.34117,0.65770996"
school,"-508.68973,81.07113,8.572933,16.10555,1.4777551,-5.195872,-4.309246,-1.2780651,-4.376698,-5.4769874,-7.1635046,-2.5935073,-0.67189556,-4.239522,-1.7224712,-2.1828158,-2.3978655,-5.904625,-1.0438908,-3.1233776"
school,"-515.475,65.379135,1.5533183,19.782612,3.8337364,-3.0479527,-12.018915,-0.38931686,1.437038,-14.324442,-6.3102455,4.0242405,-5.8394403,-5.9737434,1.0999012,-2.5496953,-4.040993,-9.637207,0.025496915,-1.5920272"
school,"-524.64404,89.8904,-1.2852154,17.352427,6.7273498,1.21601,-13.342477,-3.2738106,4.8422394,-10.659921,-7.98121,5.097306,-3.8183546,-4.74626,2.495847,-2.8984911,0.969126,-7.51219,-5.040679,0.8767994"
school,"-501.11307,54.20931,1.1084801,29.834215,13.260992,-7.3187246,-20.309275,8.285174,-0.67635596,-22.394405,-3.5072837,7.0326366,-13.191855,-5.417105,3.9187756,-2.0170612,-1.5251929,-12.801945,4.7397747,-5.5442147"
school,"-501.5729,57.754253,0.54359657,16.814451,4.2201877,-8.026331,-14.911823,-2.3005605,-2.2345412,-12.522036,-6.349796,1.2318978,-6.2696285,-5.482577,4.019838,-1.1262589,-7.911927,-7.102353,3.3839211,-3.7291703"
school,"-508.68973,81.07113,8.572933,16.10555,1.4777551,-5.195872,-4.309246,-1.2780651,-4.376698,-5.4769874,-7.1635046,-2.5935073,-0.67189556,-4.239522,-1.7224712,-2.1828158,-2.3978655,-5.904625,-1.0438908,-3.1233776"
school,"-515.475,65.379135,1.5533183,19.782612,3.8337364,-3.0479527,-12.018915,-0.38931686,1.437038,-14.324442,-6.3102455,4.0242405,-5.8394403,-5.9737434,1.0999012,-2.5496953,-4.040993,-9.637207,0.025496915,-1.5920272"
school,"-524.64404,89.8904,-1.2852154,17.352427,6.7273498,1.21601,-13.342477,-3.2738106,4.8422394,-10.659921,-7.98121,5.097306,-3.8183546,-4.74626,2.495847,-2.8984911,0.969126,-7.51219,-5.040679,0.8767994"
school,"-501.11307,54.20931,1.1084801,29.834215,13.260992,-7.3187246,-20.309275,8.285174,-0.67635596,-22.394405,-3.5072837,7.0326366,-13.191855,-5.417105,3.9187756,-2.0170612,-1.5251929,-12.801945,4.7397747,-5.5442147"
school,"-501.5729,57.754253,0.54359657,16.814451,4.2201877,-8.026331,-14.911823,-2.3005605,-2.2345412,-12.522036,-6.349796,1.2318978,-6.2696285,-5.482577,4.019838,-1.1262589,-7.911927,-7.102353,3.3839211,-3.7291703"
school,"-464.7673,80.79191,4.267873,15.923299,-23.968843,-1.5332116,-12.285232,-16.709421,-5.5560126,-10.393517,-2.7788582,-5.263395,-6.3935885,-3.6988215,-7.3609343,-0.7434394,4.474891,-8.4699545,-7.8909216,-8.704097"
school,"-507.914,93.53774,2.3854856,15.03617,-19.663832,1.0637956,-4.8566346,-6.8226213,-0.5766632,-9.542993,-6.953859,0.5135786,-2.7257414,-4.140935,-2.8538537,-4.75409,0.12326385,-8.178154,-5.876768,-1.9199415"
school,"-414.26224,73.54264,-6.0337954,12.906373,-22.592346,-7.3793397,-16.042067,-12.258917,-3.6541433,-20.970098,-9.593564,-4.3308578,-4.0564547,-1.209326,-7.813071,-10.353578,-11.471267,-10.886271,-0.4806414,4.321398"
school,"-523.91516,88.62573,-3.7171001,26.345484,-21.015635,0.86153585,-6.389864,-7.1060863,-0.22506994,-5.790282,-7.6376543,-3.854512,-1.2051669,-9.251483,-4.6472077,-6.061337,0.36078832,-3.8367321,-5.591221,-3.977232"
school,"-452.02814,88.29349,2.364637,27.132141,-23.219955,-2.7083786,-6.014411,-5.165583,1.2157023,-10.71822,-6.2336316,-4.606434,-6.8427057,-1.7140373,-5.8310785,-8.9849415,2.836481,-10.794162,-11.110128,-5.366914"
school,"-491.23593,70.23568,5.770672,13.293162,-14.232391,-0.39428246,-6.399976,-5.5051756,0.41671285,-11.800451,-5.908368,-3.969338,-3.25035,0.18774027,-3.9565372,-5.9336205,-4.571267,-8.738834,-10.164324,-8.082935"
school,"-477.32764,69.26171,17.61178,9.395847,-3.335133,0.13392489,-0.34901538,-3.9332132,1.0015674,-4.195497,-5.8753047,-0.7128463,-0.70468557,-0.25996035,-1.7476778,-4.358992,-2.9230754,-6.7773814,-7.3979697,-4.8412766"
school,"-492.0613,74.75837,15.181462,5.4583955,-12.2106285,1.5485718,-4.601118,-3.9838274,-0.005748704,-9.2471075,-4.190919,-4.253711,-3.7456558,-0.8486964,-5.1953173,-5.593403,-4.690327,-9.178479,-9.059674,-5.428385"
school,"-476.16895,79.9315,7.8414297,20.491926,-16.076376,1.1095866,-5.1799874,-10.171359,-0.33479777,-7.345649,-5.0673003,-1.616665,-2.6661208,-0.5738703,-2.6966524,-4.9922976,-3.4211566,-8.5061035,-5.61185,-9.025684"
school,"-503.12482,85.59279,4.5317307,9.382885,-13.876633,-1.4378016,-3.3354454,-7.3107457,0.81546664,-10.238074,-5.792881,-2.318675,-9.656158,-1.7657561,-3.7891307,-8.040772,-1.1650047,-9.090608,-8.688538,-3.1101942"
school,"-469.49225,64.85529,9.366178,3.045578,-10.327339,2.6224854,-7.3010316,-7.9841213,-5.1630783,0.51729685,-7.30845,-7.4166613,-3.4729466,-7.7906284,-3.3169136,-9.193054,-2.0195818,-3.8301015,-4.761574,-0.9497034"
school,"-482.85956,78.40838,11.0391245,9.992566,-15.951381,-2.5170965,-9.676538,-2.2138681,-9.4687805,-8.131094,-6.857133,-7.9283843,-11.130051,-9.098609,2.2389734,-8.342125,-1.247961,-2.2368581,0.25912362,-5.1519613"
school,"-517.83307,74.62448,22.604284,11.010704,-15.84174,3.6494648,-11.404211,4.618971,-6.6713066,-6.7400646,-5.4117312,-10.18822,-6.427317,-13.106809,1.2413653,-7.125765,-1.1708026,-1.2056834,-4.6263013,0.33729783"
school,"-497.22522,94.64515,18.804995,6.426521,-29.338947,4.6860447,-13.728075,3.0296688,-12.089518,-4.3616214,-6.0068426,-11.781237,-6.3091955,-14.699979,4.627879,-9.129911,-1.3788581,-5.785746,-9.4855385,1.839565"
school,"-463.0369,77.00593,13.013513,7.616206,-16.058767,0.09746258,-17.091106,-3.0895915,-14.09103,-2.5163026,-11.23412,-8.202173,-2.6240246,-12.30852,1.1639956,-10.310657,3.8292348,-3.1727674,-1.974647,-4.4799075"
school,"-463.0369,77.00593,13.013513,7.616206,-16.058767,0.09746258,-17.091106,-3.0895915,-14.09103,-2.5163026,-11.23412,-8.202173,-2.6240246,-12.30852,1.1639956,-10.310657,3.8292348,-3.1727674,-1.974647,-4.4799075"
school,"-497.22522,94.64515,18.804995,6.426521,-29.338947,4.6860447,-13.728075,3.0296688,-12.089518,-4.3616214,-6.0068426,-11.781237,-6.3091955,-14.699979,4.627879,-9.129911,-1.3788581,-5.785746,-9.4855385,1.839565"
school,"-517.83307,74.62448,22.604284,11.010704,-15.84174,3.6494648,-11.404211,4.618971,-6.6713066,-6.7400646,-5.4117312,-10.18822,-6.427317,-13.106809,1.2413653,-7.125765,-1.1708026,-1.2056834,-4.6263013,0.33729783"
school,"-482.85956,78.40838,11.0391245,9.992566,-15.951381,-2.5170965,-9.676538,-2.2138681,-9.4687805,-8.131094,-6.857133,-7.9283843,-11.130051,-9.098609,2.2389734,-8.342125,-1.247961,-2.2368581,0.25912362,-5.1519613"
school,"-469.49225,64.85529,9.366178,3.045578,-10.327339,2.6224854,-7.3010316,-7.9841213,-5.1630783,0.51729685,-7.30845,-7.4166613,-3.4729466,-7.7906284,-3.3169136,-9.193054,-2.0195818,-3.8301015,-4.761574,-0.9497034"
student,"-526.2311,96.95702,7.86829,33.61349,-0.7076012,-7.1781135,-5.8532662,8.550289,-10.485668,-8.841393,0.5566696,-10.219998,-0.064041585,-5.8546777,-7.513162,-6.2489915,-5.0963945,-7.9411387,-5.9669514,-4.991578"
student,"-487.70175,98.88953,-5.1629906,31.305717,-5.9216003,-6.989689,-11.085843,6.130703,-11.373778,-15.073508,1.6295443,-10.374191,0.38452518,-4.5335174,-9.012779,-2.777868,-2.2254817,-6.4151573,-4.0862336,-4.9506865"
student,"-520.4282,92.25867,14.206099,44.108795,-7.091053,-11.120449,-14.23271,1.4895686,-12.307459,-7.566943,1.5974023,-15.001807,-1.3826472,-4.393717,-8.04332,-8.105938,-1.6659827,-6.1804204,-9.253882,-4.76963"
student,"-542.32825,103.14078,15.769772,37.702957,1.4575256,-3.3483086,-12.613015,2.7276447,-9.721207,-3.6419134,-1.1598439,-12.455071,-0.7668397,-8.369852,-8.842839,-6.6648664,-4.511983,-11.703278,-5.781782,-3.6407197"
student,"-494.9749,91.69442,3.8943043,42.0615,-6.9674973,-3.9463458,-3.6633956,3.2660856,-12.690663,-4.9911246,-6.2675896,-13.166351,5.016602,-5.9833617,-7.7647185,-3.4440427,-0.25178897,-10.128547,-5.495863,-5.054333"
student,"-494.9749,91.69442,3.8943043,42.0615,-6.9674973,-3.9463458,-3.6633956,3.2660856,-12.690663,-4.9911246,-6.2675896,-13.166351,5.016602,-5.9833617,-7.7647185,-3.4440427,-0.25178897,-10.128547,-5.495863,-5.054333"
student,"-542.32825,103.14078,15.769772,37.702957,1.4575256,-3.3483086,-12.613015,2.7276447,-9.721207,-3.6419134,-1.1598439,-12.455071,-0.7668397,-8.369852,-8.842839,-6.6648664,-4.511983,-11.703278,-5.781782,-3.6407197"
student,"-520.4282,92.25867,14.206099,44.108795,-7.091053,-11.120449,-14.23271,1.4895686,-12.307459,-7.566943,1.5974023,-15.001807,-1.3826472,-4.393717,-8.04332,-8.105938,-1.6659827,-6.1804204,-9.253882,-4.76963"
student,"-487.70175,98.88953,-5.1629906,31.305717,-5.9216003,-6.989689,-11.085843,6.130703,-11.373778,-15.073508,1.6295443,-10.374191,0.38452518,-4.5335174,-9.012779,-2.777868,-2.2254817,-6.4151573,-4.0862336,-4.9506865"
student,"-526.2311,96.95702,7.86829,33.61349,-0.7076012,-7.1781135,-5.8532662,8.550289,-10.485668,-8.841393,0.5566696,-10.219998,-0.064041585,-5.8546777,-7.513162,-6.2489915,-5.0963945,-7.9411387,-5.9669514,-4.991578"
student,"-521.8186,105.61611,-2.4704745,38.89554,-2.3170938,-11.392467,-14.076419,-6.062445,-8.268459,-8.821465,-10.141224,-9.808187,1.6867228,-5.2166796,-6.802534,-5.0873127,0.081890255,-6.5046782,-7.9812484,-3.9280427"
student,"-515.2623,96.30711,-0.9858338,31.550392,2.600185,-3.5730672,-12.922145,-5.594472,-7.98657,-7.537234,-7.5914516,-15.119253,-1.2386037,0.88338727,-8.611528,-5.3155494,0.046271626,-11.387023,-7.470425,-3.337367"
student,"-524.60394,106.35696,-8.718067,41.486195,2.4863465,-3.7499373,-11.221203,-4.6072783,-4.2363176,-9.019503,-3.9021752,-4.6159887,-2.168776,-0.15515085,-5.6208696,-6.897448,3.5156202,-5.521604,-3.658269,-2.6239522"
student,"-543.9899,86.6425,6.1580358,34.473736,5.139821,-6.9080577,-9.864727,-3.5935183,-8.179353,-10.776556,-4.8652434,-6.05954,-2.9198174,-5.554,-7.7254825,-3.5868747,-2.4087656,-6.6286554,-1.4444026,-2.5105515"
student,"-549.9119,91.37963,-0.037023447,36.248463,4.5992045,-3.2341902,-13.901245,-6.4211736,-7.9690046,-9.76721,-6.3029504,-8.959611,-3.9074578,-3.8828645,-7.6633034,-7.1600432,-2.1013713,-8.614798,-3.9075925,-4.425256"
student,"-521.8186,105.61611,-2.4704745,38.89554,-2.3170938,-11.392467,-14.076419,-6.062445,-8.268459,-8.821465,-10.141224,-9.808187,1.6867228,-5.2166796,-6.802534,-5.0873127,0.081890255,-6.5046782,-7.9812484,-3.9280427"
student,"-515.2623,96.30711,-0.9858338,31.550392,2.600185,-3.5730672,-12.922145,-5.594472,-7.98657,-7.537234,-7.5914516,-15.119253,-1.2386037,0.88338727,-8.611528,-5.3155494,0.046271626,-11.387023,-7.470425,-3.337367"
student,"-524.60394,106.35696,-8.718067,41.486195,2.4863465,-3.7499373,-11.221203,-4.6072783,-4.2363176,-9.019503,-3.9021752,-4.6159887,-2.168776,-0.15515085,-5.6208696,-6.897448,3.5156202,-5.521604,-3.658269,-2.6239522"
student,"-543.9899,86.6425,6.1580358,34.473736,5.139821,-6.9080577,-9.864727,-3.5935183,-8.179353,-10.776556,-4.8652434,-6.05954,-2.9198174,-5.554,-7.7254825,-3.5868747,-2.4087656,-6.6286554,-1.4444026,-2.5105515"
student,"-549.9119,91.37963,-0.037023447,36.248463,4.5992045,-3.2341902,-13.901245,-6.4211736,-7.9690046,-9.76721,-6.3029504,-8.959611,-3.9074578,-3.8828645,-7.6633034,-7.1600432,-2.1013713,-8.614798,-3.9075925,-4.425256"
student,"-456.13943,72.77152,16.171345,29.39266,-16.882801,-10.40564,-9.9479265,-0.32410082,-9.1672125,-7.591061,-7.90015,-14.466404,-8.947759,-10.935474,-5.7926774,-6.150683,1.5499445,-5.1221385,-6.1396255,-5.454911"
student,"-461.30112,77.27061,16.811914,23.743225,-13.725894,-5.4525633,-6.011671,-2.0943475,-5.238531,-3.034865,-2.7900083,-9.21411,-5.6942077,-6.5130095,-2.9215448,-7.701859,-2.4538815,-4.044564,-4.473251,-3.6762877"
student,"-485.93243,119.29283,-1.2367971,24.52719,-3.1664913,4.272109,-14.672043,5.2264333,-3.9393172,-13.324599,-1.7732425,-10.472683,-9.61221,-9.013807,-6.118503,-7.4383183,2.5884216,-4.340166,-5.660823,-3.3474326"
student,"-463.39435,94.72053,5.5264516,27.38115,-18.308191,3.274106,-16.506626,4.004959,-7.478609,-14.981031,-0.94180286,-13.631346,-9.9151325,-10.618186,-9.60479,-9.293939,2.031556,-6.704159,-5.394418,-1.2194012"
student,"-506.73895,111.07068,0.3268261,24.138527,-6.7691517,3.392034,-12.416743,0.41897503,-10.678244,-8.89489,-2.2847126,-8.047844,-6.887775,-3.8265827,-3.2556577,-11.460837,3.7057889,-5.4117994,-1.1280618,-3.4324453"
student,"-420.1544,79.585396,7.834008,19.37302,-14.225479,-7.814725,-16.051144,-4.373659,-5.864692,-14.794545,-3.4493089,-14.900606,-11.228699,-9.3538065,-10.465604,-5.1078696,-6.51671,-4.9084396,-5.4019475,-7.4677396"
student,"-443.23682,89.53009,10.02825,23.440226,-7.2909017,-7.2192345,-15.408764,-2.9650223,-4.4434505,-12.122066,-2.530655,-9.382237,-6.814703,-6.1962957,-7.00609,-3.0321095,-5.2495584,-5.2969556,-2.9905376,-8.909984"
student,"-466.46924,68.39425,18.645914,19.66137,-11.527182,-1.0781806,-18.281473,-2.8291569,-3.8411715,-12.409771,-1.8611662,-8.3176565,-7.509332,-8.237453,-6.191541,-6.9697967,-3.5338435,-5.9036217,-7.9807324,-6.589527"
student,"-460.7367,106.500435,-7.208087,29.605104,-8.288538,-7.7428813,-13.558058,-3.707099,-5.3324184,-7.805372,-3.431704,-9.443213,-6.0916014,-10.376442,-6.953587,-10.942422,-3.8762052,-6.373149,-10.539275,-2.390973"
student,"-451.5926,111.102135,-0.97521174,23.352564,-14.073572,-0.7880038,-18.537186,2.684242,-9.664843,-11.284322,1.293478,-14.495673,-7.4531035,-11.665788,-6.161479,-8.426131,-5.061297,-7.802571,-6.32586,-3.147073"
student,"-499.62003,102.46301,11.921241,20.050695,1.1679999,5.5211368,-11.973545,-8.602265,-12.248731,-7.827735,-7.3639064,-11.351684,-7.878327,-6.2102036,-3.3241956,-13.205899,-4.328046,-7.371392,-5.7742996,-5.6139674"
student,"-532.67926,105.66939,5.691074,14.195704,15.9038,13.139181,-20.874737,-6.7298675,-4.4590063,-8.195102,-8.883013,-13.085983,-8.584337,-8.47245,-4.905417,-10.26028,-4.6069045,-6.231514,-4.9107885,-4.8033943"
student,"-527.10266,112.04442,1.4707694,17.748104,18.100292,5.3808455,-18.300543,2.447288,-9.722997,-14.674481,-6.555291,-14.331456,-13.164022,-10.130231,-1.2614591,-7.6272745,-3.5900357,-8.016716,-3.1735356,1.0156046"
student,"-539.1219,103.509346,0.14948796,11.140087,17.413445,13.955988,-21.176998,-4.587932,-1.1445891,-11.495823,-8.778159,-13.62418,-10.686936,-6.061583,-4.565388,-7.2764926,-0.011283244,-5.5865636,-7.290583,-5.168429"
student,"-507.08304,103.86239,11.258689,19.737213,7.5612354,10.750769,-21.664633,-1.6648884,-4.9686527,-15.639761,-7.702504,-11.563753,-11.6371765,-10.347109,-4.2867785,-7.5312557,-2.0923135,-5.582275,-2.5622206,-4.1176085"
student,"-507.08304,103.86239,11.258689,19.737213,7.5612354,10.750769,-21.664633,-1.6648884,-4.9686527,-15.639761,-7.702504,-11.563753,-11.6371765,-10.347109,-4.2867785,-7.5312557,-2.0923135,-5.582275,-2.5622206,-4.1176085"
student,"-539.1219,103.509346,0.14948796,11.140087,17.413445,13.955988,-21.176998,-4.587932,-1.1445891,-11.495823,-8.778159,-13.62418,-10.686936,-6.061583,-4.565388,-7.2764926,-0.011283244,-5.5865636,-7.290583,-5.168429"
student,"-527.10266,112.04442,1.4707694,17.748104,18.100292,5.3808455,-18.300543,2.447288,-9.722997,-14.674481,-6.555291,-14.331456,-13.164022,-10.130231,-1.2614591,-7.6272745,-3.5900357,-8.016716,-3.1735356,1.0156046"
student,"-532.67926,105.66939,5.691074,14.195704,15.9038,13.139181,-20.874737,-6.7298675,-4.4590063,-8.195102,-8.883013,-13.085983,-8.584337,-8.47245,-4.905417,-10.26028,-4.6069045,-6.231514,-4.9107885,-4.8033943"
student,"-499.62003,102.46301,11.921241,20.050695,1.1679999,5.5211368,-11.973545,-8.602265,-12.248731,-7.827735,-7.3639064,-11.351684,-7.878327,-6.2102036,-3.3241956,-13.205899,-4.328046,-7.371392,-5.7742996,-5.6139674"
teacher,"-450.92532,94.38156,-14.0364895,35.81884,-12.965778,-9.576138,-11.879772,-4.834801,0.70290446,-15.17635,-6.160139,-8.389578,-2.9915168,-4.4203024,-13.626836,-6.639352,-5.403364,-14.640224,-8.919716,-0.028843194"
teacher,"-476.62097,118.16413,6.514892,21.592548,-6.4716706,-7.3103447,-15.827666,4.5284214,4.6018405,-7.6991997,-0.11460334,-8.888536,0.26789522,-2.2924485,-11.400013,-5.011503,-2.511339,-11.2080345,-8.532269,-5.949505"
teacher,"-455.5027,117.103424,2.8256276,27.827036,-13.20708,-16.62068,-11.283757,1.1410093,3.4806015,-11.003909,0.05923696,-3.1846635,-0.7017395,-3.3402104,-12.1218195,-1.3394696,-6.60123,-14.105445,-6.918652,-7.620486"
teacher,"-421.82233,119.565865,0.104542814,19.195599,-11.951157,7.8441205,-21.71455,-12.174966,10.760666,-7.965269,0.39809623,-11.145256,-1.741061,3.8258832,-13.694349,-5.7282066,-5.5605083,-12.832463,-6.1545963,-7.8928022"
teacher,"-469.50394,92.089676,11.979087,9.438879,-8.477359,2.8592498,-9.079385,-7.4435844,0.013043718,-3.4339182,-2.9524493,-8.45436,-0.797161,-1.5238379,-8.435568,-5.0442257,-6.501816,-13.892738,-10.903464,-4.984572"
teacher,"-450.92532,94.38156,-14.0364895,35.81884,-12.965778,-9.576138,-11.879772,-4.834801,0.70290446,-15.17635,-6.160139,-8.389578,-2.9915168,-4.4203024,-13.626836,-6.639352,-5.403364,-14.640224,-8.919716,-0.028843194"
teacher,"-421.82233,119.565865,0.104542814,19.195599,-11.951157,7.8441205,-21.71455,-12.174966,10.760666,-7.965269,0.39809623,-11.145256,-1.741061,3.8258832,-13.694349,-5.7282066,-5.5605083,-12.832463,-6.1545963,-7.8928022"
teacher,"-455.5027,117.103424,2.8256276,27.827036,-13.20708,-16.62068,-11.283757,1.1410093,3.4806015,-11.003909,0.05923696,-3.1846635,-0.7017395,-3.3402104,-12.1218195,-1.3394696,-6.60123,-14.105445,-6.918652,-7.620486"
teacher,"-476.62097,118.16413,6.514892,21.592548,-6.4716706,-7.3103447,-15.827666,4.5284214,4.6018405,-7.6991997,-0.11460334,-8.888536,0.26789522,-2.2924485,-11.400013,-5.011503,-2.511339,-11.2080345,-8.532269,-5.949505"
teacher,"-450.92532,94.38156,-14.0364895,35.81884,-12.965778,-9.576138,-11.879772,-4.834801,0.70290446,-15.17635,-6.160139,-8.389578,-2.9915168,-4.4203024,-13.626836,-6.639352,-5.403364,-14.640224,-8.919716,-0.028843194"
teacher,"-524.5123,112.67049,2.1437824,16.035053,-2.4635336,-2.1686926,-21.40576,-17.694422,-1.1358714,3.4633288,3.6616359,-6.8075566,-5.447018,-10.319111,-11.742547,-2.5882208,-7.2167463,-10.814718,-3.1231697,0.795126"
teacher,"-541.7004,103.32716,4.4667754,22.16637,-1.1164049,-3.47772,-12.930236,-8.090028,-7.132342,-6.5391507,-3.3375604,-11.088143,1.0432426,-3.2822382,-11.093768,-5.1608915,-7.6995196,-9.906871,-4.967363,-2.5867505"
teacher,"-547.0175,104.34693,-3.4379241,19.515308,3.0489316,-2.4351764,-13.837681,-7.5894766,-2.9526227,-5.1586537,-4.2686315,-10.670491,-2.5867448,-3.5651288,-10.141478,-7.329522,-6.504526,-9.245861,-6.36295,-3.7792633"
teacher,"-526.3922,111.53006,-11.628207,21.281116,1.9102882,-0.8239683,-16.980856,-8.910458,-3.1375754,-8.055748,-5.236442,-9.580725,-0.017471505,-3.5690196,-9.529709,-3.6902068,-3.7849889,-8.206635,-4.72122,-1.5886662"
teacher,"-529.882,113.87028,-9.219428,20.502438,4.313138,1.8360285,-13.980855,-11.786437,-4.981478,-3.12615,-4.294741,-12.494856,-1.1061715,-3.6885512,-9.130759,-4.7838974,-5.2771564,-8.790944,-5.589977,-2.7413065"
teacher,"-524.5123,112.67049,2.1437824,16.035053,-2.4635336,-2.1686926,-21.40576,-17.694422,-1.1358714,3.4633288,3.6616359,-6.8075566,-5.447018,-10.319111,-11.742547,-2.5882208,-7.2167463,-10.814718,-3.1231697,0.795126"
teacher,"-541.7004,103.32716,4.4667754,22.16637,-1.1164049,-3.47772,-12.930236,-8.090028,-7.132342,-6.5391507,-3.3375604,-11.088143,1.0432426,-3.2822382,-11.093768,-5.1608915,-7.6995196,-9.906871,-4.967363,-2.5867505"
teacher,"-547.0175,104.34693,-3.4379241,19.515308,3.0489316,-2.4351764,-13.837681,-7.5894766,-2.9526227,-5.1586537,-4.2686315,-10.670491,-2.5867448,-3.5651288,-10.141478,-7.329522,-6.504526,-9.245861,-6.36295,-3.7792633"
teacher,"-526.3922,111.53006,-11.628207,21.281116,1.9102882,-0.8239683,-16.980856,-8.910458,-3.1375754,-8.055748,-5.236442,-9.580725,-0.017471505,-3.5690196,-9.529709,-3.6902068,-3.7849889,-8.206635,-4.72122,-1.5886662"
teacher,"-529.882,113.87028,-9.219428,20.502438,4.313138,1.8360285,-13.980855,-11.786437,-4.981478,-3.12615,-4.294741,-12.494856,-1.1061715,-3.6885512,-9.130759,-4.7838974,-5.2771564,-8.790944,-5.589977,-2.7413065"
teacher,"-469.17682,102.73965,-8.622658,15.654331,-23.262993,1.5166967,-19.577915,-7.821135,-2.2814543,-12.896324,-5.006608,-10.551932,-5.0231,-8.398847,-5.690284,-11.714672,-3.262737,-5.159516,-8.653346,2.3267016"
teacher,"-441.27158,120.60482,-14.505554,9.562346,-26.647533,-0.8511133,-19.077017,-10.51388,0.30779678,-8.740608,-1.9167088,-8.885307,-10.014662,-9.610957,-9.877595,-11.303911,-1.1117713,-9.184237,-5.193329,2.3743784"
teacher,"-477.60162,112.39755,-9.839687,17.042046,-20.707693,-1.5824705,-13.950453,-8.709104,1.4210098,-7.349311,-7.84062,-8.929889,-7.6799884,-9.936083,-6.207453,-9.24284,1.1112939,-6.9112387,-7.3120017,2.4572797"
teacher,"-438.5871,121.89836,-12.720209,17.293081,-30.162977,-1.2045213,-10.981198,-12.989653,-1.8955505,-3.633324,-5.3905287,-9.999609,-7.330141,-12.364582,-8.715941,-12.641631,-2.3008208,-7.332094,-6.429516,1.663887"
teacher,"-409.55374,117.43463,-14.082043,11.418748,-42.884846,-4.352894,-11.117143,-16.432158,-1.4176193,-6.8438916,-8.286663,-16.123392,-11.964297,-9.410396,-6.195041,-7.5748754,-3.0881727,-11.267976,-7.2644863,1.7278574"
teacher,"-489.9932,105.60354,-9.373658,21.951641,-25.556343,-2.8621857,-6.2283745,-8.5303335,-2.6905875,-8.187185,-6.765651,-10.664724,-9.779581,-10.68006,-5.24716,-10.823919,-2.9108517,-6.13459,-8.3636055,1.8638552"
teacher,"-445.13428,108.12251,-15.94187,20.90666,-31.102772,-12.310592,-9.1115465,-4.533167,-6.5229917,-5.607456,-5.8167133,-11.09865,-8.813039,-16.539835,-5.2821326,-10.037134,-2.4686198,-6.0066857,-10.1024885,2.8961914"
teacher,"-444.50034,94.41571,-1.099872,9.4006605,-22.743246,-2.272776,-11.615308,-7.737781,-1.8405099,-7.58404,-4.1025667,-9.655548,-6.4505033,-9.360119,-10.227302,-11.220093,-4.8186297,-6.5927672,-7.4264865,0.04513576"
teacher,"-495.17352,136.15283,-19.232782,21.990097,-23.92479,-0.595353,-8.826836,-9.507422,0.9145232,-6.842238,-6.4121304,-6.409218,-4.9830804,-11.796418,-8.149789,-8.603533,-2.6809688,-10.129727,-8.679196,2.4457626"
teacher,"-505.99063,139.29486,-10.349319,8.874998,-23.263145,2.7658293,-11.051976,-7.4972553,1.3846793,-7.6524057,-4.809302,-7.4305105,-8.922515,-11.38582,-6.8944983,-5.6745124,-0.558049,-8.817366,-6.575073,-2.341356"
teacher,"-400.93207,112.998024,4.664314,-0.9590033,-12.887622,7.7399473,-30.684345,-5.4866247,-1.1972481,-8.209501,0.2439371,-1.1545012,-6.727748,-12.943738,-4.136678,-12.669992,-8.175089,-10.940187,-5.8395147,-7.2166734"
teacher,"-395.70383,104.27665,18.458805,2.8792655,-16.906876,-1.6463199,-21.141838,-9.494668,-15.352599,-4.969569,4.2054753,-6.387218,-1.5111142,-16.000885,-10.370032,-11.784132,-10.786731,-4.9557343,-8.324212,-6.3542056"
teacher,"-414.65744,94.550934,8.836508,4.1014237,-15.23519,5.8362103,-25.373972,-11.166855,-4.2548923,-2.841949,-2.8660378,-5.5424585,-0.5876962,-12.657471,-6.0647764,-8.243495,-5.8471694,-9.543158,-5.9514766,-2.7208865"
teacher,"-443.46307,98.464264,8.710481,-0.65329367,-8.5238495,4.338453,-14.571118,-8.906741,-10.936323,-1.2239558,-3.361908,-0.6923504,6.0282245,-16.778515,-8.376653,-6.395639,-6.4015527,-6.969007,-7.2743506,-3.7235277"
teacher,"-414.45737,99.783005,14.827015,6.7880273,-21.071878,0.7135953,-18.95375,-15.032826,-12.502454,-8.4960575,3.8739529,-7.8530893,-4.9874573,-12.603536,-8.500962,-9.258936,-10.892768,-3.1572652,-5.5500093,-6.958126"
teacher,"-414.45737,99.783005,14.827015,6.7880273,-21.071878,0.7135953,-18.95375,-15.032826,-12.502454,-8.4960575,3.8739529,-7.8530893,-4.9874573,-12.603536,-8.500962,-9.258936,-10.892768,-3.1572652,-5.5500093,-6.958126"
teacher,"-443.46307,98.464264,8.710481,-0.65329367,-8.5238495,4.338453,-14.571118,-8.906741,-10.936323,-1.2239558,-3.361908,-0.6923504,6.0282245,-16.778515,-8.376653,-6.395639,-6.4015527,-6.969007,-7.2743506,-3.7235277"
teacher,"-414.65744,94.550934,8.836508,4.1014237,-15.23519,5.8362103,-25.373972,-11.166855,-4.2548923,-2.841949,-2.8660378,-5.5424585,-0.5876962,-12.657471,-6.0647764,-8.243495,-5.8471694,-9.543158,-5.9514766,-2.7208865"
teacher,"-395.70383,104.27665,18.458805,2.8792655,-16.906876,-1.6463199,-21.141838,-9.494668,-15.352599,-4.969569,4.2054753,-6.387218,-1.5111142,-16.000885,-10.370032,-11.784132,-10.786731,-4.9557343,-8.324212,-6.3542056"
teacher,"-400.93207,112.998024,4.664314,-0.9590033,-12.887622,7.7399473,-30.684345,-5.4866247,-1.1972481,-8.209501,0.2439371,-1.1545012,-6.727748,-12.943738,-4.136678,-12.669992,-8.175089,-10.940187,-5.8395147,-7.2166734"
write,"-519.82776,101.597275,-4.3770924,20.45017,-5.425458,-7.868215,-13.363371,-3.2069826,-2.866913,-7.2332535,1.323796,-9.819273,-3.8410037,-0.9618581,-7.077549,-2.7751422,-3.3367023,-4.42064,-6.1845694,-9.408178"
write,"-465.50388,84.60045,-4.7069626,20.494036,-10.506919,-7.650508,-12.637058,-4.5487075,-4.031288,-6.5972905,4.1168056,-9.519508,-4.064607,1.2100174,-8.728673,-5.8112044,-3.2769132,-8.040544,-9.188565,-8.326101"
write,"-470.24454,91.84639,-8.530641,22.304932,-17.595072,-15.044186,-19.998613,-0.31392458,-3.7708704,-10.359691,4.810308,-13.178145,-5.69046,-3.47916,-14.959919,-5.024325,-2.5090764,-10.167532,-8.011009,-7.100226"
write,"-461.76834,93.171,-11.231374,24.370543,-17.98649,-14.557596,-10.026127,-7.0309253,-4.4130754,-5.52139,0.3169594,-6.6353197,-4.0637703,-2.5885,-7.9912443,-5.68615,-5.3237724,-10.727654,-5.0894713,-5.5386653"
write,"-516.1973,103.02714,1.8511543,26.825054,-1.4512962,-4.279961,-7.318494,-1.4462537,-1.8859226,-5.161308,1.598199,-6.4966683,-3.7828863,-3.0964558,-6.338837,-4.869851,-6.4422493,-9.412071,-9.73064,-8.676062"
write,"-516.1973,103.02714,1.8511543,26.825054,-1.4512962,-4.279961,-7.318494,-1.4462537,-1.8859226,-5.161308,1.598199,-6.4966683,-3.7828863,-3.0964558,-6.338837,-4.869851,-6.4422493,-9.412071,-9.73064,-8.676062"
write,"-461.76834,93.171,-11.231374,24.370543,-17.98649,-14.557596,-10.026127,-7.0309253,-4.4130754,-5.52139,0.3169594,-6.6353197,-4.0637703,-2.5885,-7.9912443,-5.68615,-5.3237724,-10.727654,-5.0894713,-5.5386653"
write,"-470.24454,91.84639,-8.530641,22.304932,-17.595072,-15.044186,-19.998613,-0.31392458,-3.7708704,-10.359691,4.810308,-13.178145,-5.69046,-3.47916,-14.959919,-5.024325,-2.5090764,-10.167532,-8.011009,-7.100226"
write,"-465.50388,84.60045,-4.7069626,20.494036,-10.506919,-7.650508,-12.637058,-4.5487075,-4.031288,-6.5972905,4.1168056,-9.519508,-4.064607,1.2100174,-8.728673,-5.8112044,-3.2769132,-8.040544,-9.188565,-8.326101"
write,"-519.82776,101.597275,-4.3770924,20.45017,-5.425458,-7.868215,-13.363371,-3.2069826,-2.866913,-7.2332535,1.323796,-9.819273,-3.8410037,-0.9618581,-7.077549,-2.7751422,-3.3367023,-4.42064,-6.1845694,-9.408178"
write,"-515.16907,143.08112,-2.9720035,27.328926,-12.621117,-8.468168,2.2985628,-3.5287218,-7.2258477,-5.307823,0.4774559,-7.8350415,-2.4613752,-3.9885798,-10.875672,-3.6462355,-2.2706416,-9.9772835,-4.7719197,-4.0355864"
write,"-537.9703,127.50638,-0.63259673,41.927296,-13.010146,-15.897152,-3.9645078,-14.601846,-7.1746025,-4.9691734,-2.663266,-5.199951,-1.7626191,-2.9246159,-9.529756,-2.9260857,-4.8152003,-11.092942,-4.2692814,-5.81245"
write,"-507.6388,109.89249,1.6111482,23.402025,-12.082098,-8.211516,-6.680471,-6.166965,-16.730808,-10.83631,5.3625436,-9.74566,-6.7553287,-3.9269607,-9.073129,-3.0929222,-4.3223953,-12.18416,-2.7690616,-3.7721071"
write,"-528.7532,115.35382,4.387112,33.91285,-13.58169,-12.129681,-4.8698792,-6.8694386,-11.499513,-11.45426,2.982913,-4.69212,-6.7911386,-3.4221294,-8.6762295,-5.189891,-2.2681594,-11.51529,-4.6914587,-1.8410801"
write,"-510.82968,116.003555,-1.5312722,31.388464,-8.496428,-12.916742,-5.1756473,-9.364637,-4.7196856,-5.6170096,-4.575622,-5.2382855,-3.3301117,-1.9667841,-7.6015997,-5.323782,0.42930764,-7.183673,-4.4197426,-4.0715237"
write,"-515.16907,143.08112,-2.9720035,27.328926,-12.621117,-8.468168,2.2985628,-3.5287218,-7.2258477,-5.307823,0.4774559,-7.8350415,-2.4613752,-3.9885798,-10.875672,-3.6462355,-2.2706416,-9.9772835,-4.7719197,-4.0355864"
write,"-537.9703,127.50638,-0.63259673,41.927296,-13.010146,-15.897152,-3.9645078,-14.601846,-7.1746025,-4.9691734,-2.663266,-5.199951,-1.7626191,-2.9246159,-9.529756,-2.9260857,-4.8152003,-11.092942,-4.2692814,-5.81245"
write,"-507.6388,109.89249,1.6111482,23.402025,-12.082098,-8.211516,-6.680471,-6.166965,-16.730808,-10.83631,5.3625436,-9.74566,-6.7553287,-3.9269607,-9.073129,-3.0929222,-4.3223953,-12.18416,-2.7690616,-3.7721071"
write,"-528.7532,115.35382,4.387112,33.91285,-13.58169,-12.129681,-4.8698792,-6.8694386,-11.499513,-11.45426,2.982913,-4.69212,-6.7911386,-3.4221294,-8.6762295,-5.189891,-2.2681594,-11.51529,-4.6914587,-1.8410801"
write,"-510.82968,116.003555,-1.5312722,31.388464,-8.496428,-12.916742,-5.1756473,-9.364637,-4.7196856,-5.6170096,-4.575622,-5.2382855,-3.3301117,-1.9667841,-7.6015997,-5.323782,0.42930764,-7.183673,-4.4197426,-4.0715237"
write,"-447.62866,99.95767,-13.666117,16.432892,-30.32241,-4.9760795,-0.2458129,-4.292739,1.6636077,-7.980063,5.8202915,-0.7619345,-9.622686,-5.115744,-8.644449,-3.154372,-2.358219,-11.67272,-6.6442676,-5.560182"
write,"-423.4723,91.28595,-10.2736845,23.95361,-20.448814,-3.2823715,-5.178097,-2.5806463,1.5815147,-6.3232327,5.367339,-2.1993132,-3.9509802,-0.8128196,-2.3346913,-8.51086,-4.6446495,-4.47283,-6.4359903,-3.2337182"
write,"-397.19464,74.16682,-16.891947,13.59915,-48.50613,-1.6523802,0.90064055,-21.445667,-8.6707735,-12.140638,7.400442,-3.8489418,-12.567056,-0.7577777,-9.416244,-8.034835,-1.4893771,-8.247326,-10.080265,-7.615089"
write,"-392.5401,79.17489,-23.55848,29.380474,-45.83596,-12.605471,3.5504856,-16.598366,-18.806532,-12.723512,4.632896,-3.159232,-14.155979,-3.3138413,-2.9870703,-10.361062,-2.2342784,-8.444583,-7.001281,-5.4889655"
write,"-386.43506,81.35805,-27.4619,26.423626,-35.4327,3.606814,-4.0106874,-1.0075644,-12.116942,-11.9534645,8.611596,-10.46411,0.8222407,-5.6258965,-4.555838,-3.4478354,-3.0736983,-5.3405147,-13.416305,-5.1224637"
write,"-435.51746,92.92407,-18.436714,18.69119,-41.359303,-3.2139559,-1.7845246,-9.37186,-13.451506,-17.997305,6.944345,-10.932022,-13.117665,-2.8827698,-4.631432,-3.5799582,-4.5677094,-5.7391224,-6.835765,-7.320761"
write,"-414.05673,80.41599,-24.255554,21.873615,-43.775604,-7.957023,-8.096725,-3.3047585,-15.431375,-21.17519,5.774344,-3.562666,-7.6707864,-12.943733,-5.4132957,-4.071351,-3.9317067,-6.540149,-7.90759,-2.7713985"
write,"-386.70905,82.39126,-37.465065,28.340906,-43.409477,-6.0591774,-14.088209,-5.1157856,-13.51695,-19.033777,6.993104,-7.528772,-2.3971057,-13.19216,-7.4359903,-3.4340558,-7.808116,-1.1191987,-2.6204457,-3.1081438"
write,"-382.47983,87.16133,-31.343636,24.327757,-51.918003,-1.5217596,-10.738388,-19.13996,-5.3656387,-21.946417,7.4832354,-3.995159,-10.376992,-2.554703,-10.697018,-3.7880967,-5.243451,-9.018804,-5.6617846,-6.003856"
write,"-387.14035,103.07787,-8.798258,12.402225,-23.599989,1.0687622,-3.9284096,-4.772497,-3.607276,-11.901743,5.6882973,-5.3314037,-5.0849037,-4.955825,-9.3097,-3.0113087,-2.5125377,-6.767416,-9.811186,-3.2943218"
write,"-486.06223,112.91182,5.300701,16.973074,-13.173323,1.9542525,-7.9876595,3.966541,-7.9873257,-10.622332,-4.6757126,-10.77022,-2.1271427,-9.548416,-9.257782,-8.470591,-7.8675466,-7.2338367,-1.2940028,-9.327223"
write,"-517.1767,91.58143,14.056359,14.796982,-3.2799664,4.5108676,-9.177264,2.6356983,-4.2389727,-9.671746,-7.217649,-6.8979936,-0.8538261,-10.970623,-7.33091,-7.5790076,-7.5448356,-6.616892,-4.141284,-4.9940977"
write,"-478.81186,106.82124,0.443896,23.00392,-13.3013315,-0.93163085,-4.599025,-3.0670748,-6.701131,-2.7617254,-14.266215,-5.6967406,0.8296322,-12.07244,-6.1389337,-10.963201,-3.7003,-8.245945,-2.5914712,-5.492528"
write,"-435.5454,120.48128,3.0761259,15.85247,-10.233729,2.3770742,-11.719728,1.8301407,-5.9136195,-13.766162,-6.6630692,-7.2716885,-3.820826,-15.241214,-8.942308,-7.2061057,-8.82442,-8.376444,-4.04211,-5.822942"
write,"-490.19684,124.797714,12.382881,12.186876,-9.4867735,4.3717947,-7.4445305,-1.0654055,-7.2140045,-8.759142,0.66167927,-7.1266794,-7.4047713,-9.583871,-7.3233857,-5.461025,-10.56611,-11.911407,-2.037537,-9.848444"
write,"-490.19684,124.797714,12.382881,12.186876,-9.4867735,4.3717947,-7.4445305,-1.0654055,-7.2140045,-8.759142,0.66167927,-7.1266794,-7.4047713,-9.583871,-7.3233857,-5.461025,-10.56611,-11.911407,-2.037537,-9.848444"
write,"-435.5454,120.48128,3.0761259,15.85247,-10.233729,2.3770742,-11.719728,1.8301407,-5.9136195,-13.766162,-6.6630692,-7.2716885,-3.820826,-15.241214,-8.942308,-7.2061057,-8.82442,-8.376444,-4.04211,-5.822942"
write,"-478.81186,106.82124,0.443896,23.00392,-13.3013315,-0.93163085,-4.599025,-3.0670748,-6.701131,-2.7617254,-14.266215,-5.6967406,0.8296322,-12.07244,-6.1389337,-10.963201,-3.7003,-8.245945,-2.5914712,-5.492528"
write,"-517.1767,91.58143,14.056359,14.796982,-3.2799664,4.5108676,-9.177264,2.6356983,-4.2389727,-9.671746,-7.217649,-6.8979936,-0.8538261,-10.970623,-7.33091,-7.5790076,-7.5448356,-6.616892,-4.141284,-4.9940977"
write,"-486.06223,112.91182,5.300701,16.973074,-13.173323,1.9542525,-7.9876595,3.966541,-7.9873257,-10.622332,-4.6757126,-10.77022,-2.1271427,-9.548416,-9.257782,-8.470591,-7.8675466,-7.2338367,-1.2940028,-9.327223"
